No.,Equipment Name,Serial No,SITE,Rated Power (MVA),HV Rate (kV),LV Rate (kV),Rated Voltage (kV),Service Type,Service Age (Year),Condition Health Index,Health Index Status,Estimated DP (From Furan),Estimated Remaining Life time (Year),Visual Inspection,Active Part,Insulation Resistance & PI,Insulation Power Factor,Exciting Current,Ratio&Polarity,Winding Resistance,1∅ Short Circuit Impedance,3∅ Short Circuit Impedance,Core to Ground,Bushing,Surge Arrester,Dynamic Resistance Measurement (OLTC),Frequency Response Analysis (FRA),%Moisture in paper (FDS),Main Tank Oil,DGA,Water Content,Dielectric Breakdown,PF at 25 °C,PF at 100 °C,Conductivity,Interfratial Tension (IFT),Acidity,Color,Inhibitor,Corrosive Sulfur,Passivator,Furan,Sludge,OLTC Oil,DGA (OLTC),Dielectric Breakdown (OLTC),Water Content (OLTC),Date To Assess,FAT,2011,2012,2013,Last PM,Next PM,Recommendation
0,16120-TR-001,4803321,CUP-1,6,11,6.9,11/6.9,UAT,21,69,Warning,937,,Q,A,A,A,A,A,A,A,A,N/A,Q,Q,N/A,A,A,Q,Q,A,A,A,Q,A,A,A,A,A,Q,Q,A,A,N/A,N/A,N/A,N/A,01-19-2026,,,,,2025,2028,"Repair oil leak and hot oil purify, Add passivator."
0,16120-TR-003,4902687,CUP-1,6,11,6.9,11/6.9,UAT,20,86,Healthy,1003,,A,A,A,A,A,A,A,A,A,N/A,A,A,N/A,N/A,N/A,Q,Q,A,A,A,A,A,A,A,A,A,Q,Q,A,A,N/A,N/A,N/A,N/A,01-19-2026,,,,,2025,2026,"Add passivator, Plan for oil regeneration/Change Oil: Concern oil conductivity is unacceptable limit, Suspect corrosive (3b)."
0,16120-TR-004,5001769,CUP-1,6,11,6.9,11/6.9,UAT,19,83,Healthy,1003,,A,A,A,A,A,A,A,A,A,N/A,A,A,N/A,A,Q,Q,Q,A,A,A,A,A,A,A,A,A,Q,Q,A,A,N/A,N/A,N/A,N/A,01-19-2026,,,,,2025,2024,"Plan for oil regeneration/Change Oil: Concern IFT is unacceptable limit and conductivity is questionable limit, Suspect corrosive (3b), Add passivator. Plan for drying transformer (insulation paper degradation)."
0,16120-TR-006,5101711,CUP-1,6,11,6.9,11/6.9,UAT,21,83,Healthy,1003,,A,Q,A,A,A,A,Q,A,A,N/A,A,A,N/A,A,Q,Q,Q,A,A,A,A,A,A,A,A,A,Q,A,A,A,N/A,N/A,N/A,N/A,01-19-2026,,,,,2025,2028,Plan for oil regeneration/Change Oil: Concern conductivity is unacceptable limit and IFT is questionable limit. Plan for drying transformer (insulation paper degradation).
0,10060-TR-101,5201090,CUP-1,6,11,6.9,11/6.9,UAT,17,60,Warning,1031,,Q,U,A,U,Q,A,A,A,A,N/A,Q,Q,N/A,N/A,N/A,Q,A,Q,A,A,Q,A,A,A,A,N/A,A,A,A,A,N/A,N/A,N/A,N/A,01-20-2026,,,,,2025,2028,Follow power factor test period shutdown and DFR test.
0,10060-TR-102,5201091,CUP-1,6,11,6.9,11/6.9,UAT,17,60,Warning,1152,,Q,U,A,A,U,A,A,A,A,N/A,Q,Q,N/A,N/A,N/A,Q,A,Q,A,A,Q,A,A,A,A,N/A,Q,A,A,Q,N/A,N/A,N/A,N/A,01-20-2026,,,,,2023,2026,"[Urgent Action] <strong>Exciting Current</strong>: Investigate turn short / core damage immediately (Measured: H1: 20.9, H2: 8.6, H3: 10.9 mA<br>Pattern: H-L-H) | [General Part] Plan visual maintenance / Repair defects | [Insulation Oil] Monitor water content; Check oil PF at 100C; Inspect oil sludge; Add passivator; Low interfacial tension (16.5 mN/m): Plan oil reclaiming; High oil conductivity (484 pS/m): Perform oil reclaiming / degumming | [Bushing] Plan visual maintenance / Repair defects | [Arrester] Plan visual maintenance / Repair defects"
0,14100-TR-001 (GTG11),4810106,CUP-1,55,115,10.5,115/10.5,GSUT,21,80,Healthy,1047,,A,A,A,A,A,A,A,A,A,N/A,A,W,N/A,A,A,Q,A,A,A,A,A,A,A,A,A,A,A,Q,A,A,N/A,N/A,N/A,N/A,01-19-2026,,,,,2026,2028,Plan for oil regeneration: Concern oil conductivity and IFT are questionable limit.
0,14100-TR-002 (GTG12),4811735,CUP-1,55,115,10.5,115/10.5,GSUT,20,91,Healthy,937,,A,A,A,A,A,A,A,A,A,N/A,A,A,N/A,A,A,A,A,A,A,A,A,A,A,A,A,A,A,A,A,A,N/A,N/A,N/A,N/A,01-19-2026,,,,,2026,2026,"Repair hot spot: HV cable terminator phase A and B (Max. 52 °C), Plan for oil regeneration: Concern IFT are questionable limit, Add passivator."
0,14100-TR-005 (GTG13),PP0174B01,CUP-1,55,115,10.5,115/10.5,GSUT,18,89,Healthy,945,,A,A,A,A,A,A,A,A,A,N/A,A,A,N/A,A,A,Q,A,A,A,A,A,A,A,A,A,A,Q,Q,A,A,N/A,N/A,N/A,N/A,01-19-2026,,,,,2026,2027,Plan for oil regeneration: Concern oil conductivity is unacceptable limit.
0,14100-TR-006 (GTG14),PP0225B01,CUP-1,55,115,10.5,115/10.5,GSUT,17,83,Healthy,961,,A,A,A,A,A,A,A,A,A,N/A,A,A,N/A,A,A,Q,Q,A,A,A,A,A,A,A,A,A,A,Q,A,A,N/A,N/A,N/A,N/A,01-19-2026,,,,,2025,2028,Plan for oil regeneration: Concern IFT is unacceptable limit and conductivity is questionable limit.
0,10060-TR-001 (GTG15),5110021,CUP-1,55,118,11,118/11,GSUT,18,89,Healthy,1047,,A,A,A,A,A,A,A,A,A,N/A,A,A,N/A,A,A,Q,A,A,A,A,A,A,A,A,A,A,A,Q,A,A,N/A,N/A,N/A,N/A,01-19-2026,,,,,2026,2028,Plan for oil regeneration: Concern IFT is unacceptable limit.
0,10060-TR-002 (GTG16),5110022,CUP-1,55,118,11,118/11,GSUT,18,97,Healthy,806,,A,A,A,A,A,A,A,A,A,N/A,A,A,N/A,A,A,A,A,A,A,A,A,A,A,A,A,A,A,A,A,A,N/A,N/A,N/A,N/A,01-19-2026,,,,,2026,2029,Plan for oil regeneration: Concern IFT is unacceptable limit.
0,14100-TR-003,PP0084B01,CUP-1,40,115,22,115/22,Distribution,20,83,Healthy,1031,,A,Q,A,Q,A,A,A,A,A,N/A,A,Q,A,A,A,Q,A,A,A,A,Q,A,A,A,A,A,Q,Q,A,A,A,A,A,A,01-19-2026,,,,,2026,2026,"Plan for oil regeneration: Concern oil conductivity is unacceptable limit, Suspect corrosive (3b), Add passivator."
0,14100-TR-004,PP0102B01,CUP-1,40,115,22,115/22,Distribution,20,95,Healthy,1003,,A,A,A,A,A,A,A,A,A,N/A,A,A,A,A,A,A,A,A,A,A,A,A,A,A,A,A,A,A,A,A,A,A,A,A,01-19-2026,,,,,2026,2026,Routine 3Y PM Program.
0,16120-TR-002A,4803168,CUP-1,2.66,6.9,0.4,6.9/0.4,Auxiliary,21,66,Warning,-,,Q,Q,Q,A,A,A,Q,A,A,N/A,Q,Q,N/A,A,A,Q,Q,A,A,A,A,A,A,A,A,A,A,A,A,A,N/A,N/A,N/A,N/A,01-19-2026,,,,,2025,2028,"Plan for oil top-up and N2 fill up for Positive Pressure, Follow to confirm test: Insulation resistance."
0,16120-TR-002B,4803167,CUP-1,2.66,6.9,0.4,6.9/0.4,Auxiliary,21,79,Monitor,-,,A,W,W,A,A,A,A,U,A,N/A,A,A,N/A,N/A,N/A,Q,A,Q,A,A,A,A,A,A,A,N/A,Q,Q,A,A,N/A,N/A,N/A,N/A,01-20-2026,,,,,2024,2026,"Plan for oil top-up and N2 fill up for Positive Pressure, Plan for oil regeneration: Concern oil conductivity is questionable limit, Re-test Insulation resistance and short circuit test."
0,16120-TR-005A,5001766,CUP-1,1.6,6.9,0.4,6.9/0.4,Auxiliary,19,86,Healthy,1066,,A,Q,A,A,A,A,Q,Q,Q,N/A,A,A,N/A,N/A,N/A,Q,Q,A,A,A,A,A,A,A,A,N/A,A,A,A,A,N/A,N/A,N/A,N/A,01-20-2026,,,,,2025,2024,"Plan for oil regeneration: Concern IFT is unacceptable limit and conductivity is questionable limit., Re-test 1 and 3 Phase Short Circuit."
0,16120-TR-005B,5001700,CUP-1,1.6,6.9,0.4,6.9/0.4,Auxiliary,19,83,Healthy,1016,,A,Q,Q,A,A,A,A,A,A,N/A,A,A,N/A,A,N/A,Q,Q,A,A,A,A,A,A,A,A,N/A,A,A,A,A,N/A,N/A,N/A,N/A,03-01-2026,,,,,2026,2028,Replacement new oil and hot oil purify in the next shutdown.
0,10060-TR-201,5200523,CUP-1,1.6,6.9,0.4,6.9/0.4,Auxiliary,17,77,Monitor,1047,,A,U,Q,U,W,A,A,A,A,N/A,A,A,N/A,A,N/A,Q,A,Q,A,A,Q,A,A,A,A,N/A,Q,A,A,Q,N/A,N/A,N/A,N/A,03-01-2026,,,,,2025,2028,"Plan for oil top up, Re-test the Insulaion resistance and power factor (If not pass, require to change new oil.)"
0,10060-TR-202,5200524,CUP-1,1.6,6.9,0.4,6.9/0.4,Auxiliary,17,79,Monitor,930,,A,A,A,A,A,A,A,U,U,N/A,A,A,N/A,N/A,N/A,Q,Q,Q,A,A,Q,A,A,Q,A,N/A,Q,A,A,Q,N/A,N/A,N/A,N/A,03-01-2026,,,,,2023,2025,"Plan for oil top up, Re-test 1 and 3 Phase short circuit impedance."
0,24201-TR-011,4912022,CUP-2,8.8,11,7,11/7,UAT,19,88,Healthy,1066,,A,A,A,A,A,A,A,A,A,A,A,A,A,A,N/A,Q,Q,A,A,A,Q,A,A,A,A,N/A,A,A,A,A,A,A,A,A,03-01-2026,,,,,2025,2026,"Hot oil purify, Concern PF 100 °C, Condutivity are unacceaptable limit, IFT is questionable limit."
0,24201-TR-012,4912023,CUP-2,8.8,11,7,11/7,UAT,19,93,Healthy,1089,,A,A,A,A,A,A,A,A,A,A,A,A,A,A,N/A,Q,A,A,A,A,Q,A,A,A,A,N/A,A,A,A,A,A,A,A,A,03-01-2026,,,,,2025,2026,"Hot oil purify, Concern PF 100 °C, Condutivity are unacceaptable limit, IFT is questionable limit."
0,23901-TR-011 (GTG21),4912019,CUP-2,55,117,11,117/11,GSUT,19,69,Warning,900,,Q,A,A,A,A,A,A,A,A,A,Q,Q,N/A,A,A,Q,Q,A,A,A,A,A,A,A,A,N/A,A,Q,A,A,N/A,N/A,N/A,N/A,03-01-2026,,,,,2025,2027,"Plan for oil regeneration, Concern IFT, Condutivity are unacceaptable limit, Color is questionable limit."
0,23902-TR-012 (GTG22),4912020,CUP-2,55,117,11,117/11,GSUT,19,74,Monitor,980,,Q,Q,A,A,A,A,A,A,A,A,W,Q,N/A,A,A,A,A,A,A,A,A,A,A,A,A,N/A,A,A,A,A,N/A,N/A,N/A,N/A,03-01-2026,,,,,2025,2027,Plan for oil regeneration; there is a concern that the IFT is below the acceptable limit.
0,23911-TR-010 (STG21),4912021,CUP-2,54,117,11,117/11,GSUT,19,89,Healthy,884,,A,A,A,A,A,A,A,A,A,A,W,A,N/A,A,A,A,A,A,A,A,A,A,A,A,A,N/A,A,A,A,A,N/A,N/A,N/A,N/A,03-01-2026,,,,,2025,2026,Plan for oil regeneration; there is a concern that the IFT is decrease closely the acceptable limit.
0,24201-TR-111,5000574,CUP-2,2,6.9,0.4,6.9/0.4,Auxiliary,19,49,Critical,1003,,A,Q,Q,A,A,A,Q,U,Q,N/A,A,A,N/A,A,N/A,U,U,A,A,A,A,A,A,A,A,N/A,A,A,A,A,N/A,N/A,N/A,N/A,03-01-2026,,,,,2025,2028,Plan for oil regeneration; there is a concern that the IFT Conductivity are qeustionable limit. Re-test Insulation resistance and short circuit test.
0,24201-TR-112,5000575,CUP-2,2,6.9,0.4,6.9/0.4,Auxiliary,19,89,Healthy,1066,,A,Q,A,A,A,A,Q,U,Q,N/A,A,A,N/A,A,N/A,Q,Q,A,A,A,A,A,A,A,A,N/A,A,A,A,A,N/A,N/A,N/A,N/A,03-01-2026,,,,,2025,2028,Plan for oil regeneration; there is a concern that the Conductivity and Color are qeustionable limit. Re-test short circuit test.
0,24201-TR-121,5000576,CUP-2,2,6.9,0.4,6.9/0.4,Auxiliary,19,89,Healthy,1047,,A,Q,A,A,A,A,Q,Q,Q,N/A,A,A,N/A,A,N/A,Q,Q,A,A,A,A,A,A,A,A,N/A,A,A,A,A,N/A,N/A,N/A,N/A,03-01-2026,,,,,2025,2028,Plan for oil regeneration; there is a concern that the Conductivity and Color are qeustionable limit. Re-test short circuit test.
0,24201-TR-122,5000577,CUP-2,2,6.9,0.4,6.9/0.4,Auxiliary,19,94,Healthy,1066,,A,Q,A,A,A,A,Q,U,U,N/A,A,A,N/A,A,N/A,A,A,A,A,A,A,A,A,A,A,N/A,A,A,A,A,N/A,N/A,N/A,N/A,03-01-2026,,,,,2025,2028,Plan for oil regeneration; there is a concern that the Conductivity is qeustionable limit. Re-test short circuit test.
0,36120-TR-103 (STG31),5110023,CUP-3,21,118,11,118/11,GSUT,18,83,Healthy,1152,,A,A,A,A,A,A,A,A,A,N/A,A,A,N/A,A,A,Q,Q,A,A,A,A,A,A,A,A,A,Q,A,A,A,N/A,N/A,N/A,N/A,03-01-2026,,,,,2025,2028,Routine 3Y PM Program.
0,34101-TR-001,PP0158B01,CUP-3,40,115,22,115/22,Distribution,18,85,Healthy,1089,,A,A,A,A,A,A,A,A,A,N/A,A,A,A,A,A,Q,Q,A,A,A,A,A,A,A,A,A,A,A,A,A,A,A,A,A,03-01-2026,,,,,2026,2026,Routine 3Y PM Program.
0,34101-TR-002,PP0181B01,CUP-3,40,115,22,115/22,Distribution,18,88,Healthy,1089,,A,A,A,A,A,A,A,A,A,N/A,A,A,A,A,A,Q,Q,A,A,A,A,A,A,A,A,A,A,A,A,A,A,A,A,A,03-01-2026,,,,,2026,2026,Routine 3Y PM Program.
0,36120-TR-201,5102852,CUP-3,10,22,6.9,22/6.9,Auxiliary,18,91,Healthy,1031,,A,A,A,A,A,A,A,A,A,N/A,A,A,N/A,N/A,N/A,Q,Q,A,A,A,A,A,A,A,A,N/A,A,A,A,A,N/A,N/A,N/A,N/A,03-01-2026,,,,,2026,2025,"3Y PM program overdue, Plan for oil reganeration; there is a concern that the Conductivity is qeustionable limit."
0,36120-TR-202,5103176,CUP-3,10,22,6.9,22/6.9,Auxiliary,18,80,Healthy,1089,,Q,A,A,A,A,A,A,Q,A,N/A,Q,Q,N/A,N/A,Q,A,A,A,A,A,A,A,A,A,A,N/A,A,A,A,A,N/A,N/A,N/A,N/A,03-01-2026,,,,,2025,2025,3Y PM program overdue. Re-test 1 phase short circuit.
0,36120-TR-301,5103168,CUP-3,2,6.6,0.4,6.6/0.4,Auxiliary,18,86,Healthy,1117,,A,Q,A,A,A,A,Q,Q,A,N/A,A,A,N/A,A,N/A,Q,Q,A,A,A,A,A,A,A,A,N/A,A,A,A,A,N/A,N/A,N/A,N/A,03-01-2026,,,,,2025,2025,"3Y PM program overdue, Re-test 1 phase short circuit."
0,36120-TR-302,5103169,CUP-3,2,6.6,0.4,6.6/0.4,Auxiliary,18,83,Healthy,1089,,A,Q,A,A,A,A,Q,U,A,N/A,A,A,N/A,A,N/A,Q,Q,A,A,A,Q,A,A,A,A,N/A,A,A,A,A,N/A,N/A,N/A,N/A,03-01-2026,,,,,2025,2025,"3Y PM program overdue, Re-test 1 phase short circuit, Plan for oil regeneration (PF 100C, Conductivity, IFT)."
0,36120-TR-303,5103170,CUP-3,2,6.6,0.4,6.6/0.4,Auxiliary,18,89,Healthy,1016,,A,W,A,W,A,A,Q,U,A,N/A,A,A,N/A,A,N/A,A,A,A,A,A,A,A,A,A,A,N/A,A,A,A,A,N/A,N/A,N/A,N/A,03-01-2026,,,,,2025,2025,"3Y PM program overdue, Re-test short circuit, Power factor, Plan for oil regeneration (Conductivity, Sludge)."
0,36120-TR-304,5103171,CUP-3,2,6.6,0.4,6.6/0.4,Auxiliary,18,89,Healthy,1152,,A,Q,A,Q,A,A,A,U,A,N/A,A,A,N/A,A,N/A,Q,A,A,A,A,A,A,A,A,A,N/A,Q,A,A,A,N/A,N/A,N/A,N/A,03-01-2026,,,,,2025,2025,"3Y PM program overdue, Re-test short circuit, Power factor, Plan for hot oil purify (Sludge)."
0,41BAT01 (GTG41),6110201,CUP-4,91,115,11,115/11,GSUT,8,90,Healthy,1066,,A,A,A,A,A,A,A,A,A,A,A,A,A,A,A,Q,Q,A,A,A,A,A,A,A,A,A,A,A,A,A,A,A,A,A,03-01-2026,,,,,2025,2026,Routine 6Y PM Program (Overhaul OLTC).
0,41BAT02,6110202,CUP-4,52,115,22,115/22,Distribution,7,93,Healthy,1066,,A,A,A,A,A,A,A,A,A,A,A,A,A,A,A,Q,A,A,A,A,A,A,A,A,A,A,Q,A,A,A,A,A,A,A,03-01-2026,,,,,2025,2027,Routine 6Y PM Program (Overhaul OLTC).
0,41BBT20GT001,6110203,CUP-4,10,11,6.9,11/6.9,UAT,7,88,Healthy,1031,,A,A,A,A,A,A,A,A,A,N/A,A,A,A,N/A,N/A,Q,Q,A,A,A,A,A,A,A,A,A,Q,A,A,A,A,A,A,A,04-01-2026,,,,,2025,2026,Plan for oil regeneration: Concern oil conductivity is unacceptable limit.
0,41BFT20GT001,6110204,CUP-4,2.8,6.6,0.4,6.6/0.4,Auxiliary,7,94,Healthy,1200,,A,A,A,A,N/A,A,A,A,Q,N/A,A,A,N/A,N/A,N/A,A,A,A,A,A,A,A,A,A,A,A,A,A,A,A,A,A,A,A,04-01-2026,,,,,2025,2026,Plan for oil regeneration: Concern oil conductivity and IFT are questionable limit.
0,41BFT80GT001,6110245,CUP-4,1,6.6,0.4,6.6/0.4,Auxiliary,7,87,Healthy,1117,,,,,,,,,,,,,,,,,Q,A,A,A,A,A,A,A,Q,A,N/A,Q,A,A,A,N/A,N/A,N/A,N/A,04-01-2026,,,,,2025,2027,Update PM data. Plan for oil regeneration: Concern oil conductivity is unacceptable limit.
1,41BBT10,6410137,GEN,6,11,6.6,11/6.6,UAT,5,89,Healthy,1152,,A,A,A,A,A,A,A,N/A,N/A,A,A,A,N/A,N/A,N/A,Q,Q,A,A,A,A,A,A,A,A,N/A,Q,A,A,A,N/A,N/A,N/A,N/A,04-01-2026,,,,,2026,2024,3Y PM Program overdue.
2,42BBT10,6410130,GEN,6,11,6.6,11/6.6,UAT,5,89,Healthy,1152,,A,A,A,A,A,A,A,N/A,N/A,A,A,A,N/A,N/A,N/A,Q,Q,A,A,A,A,A,A,A,A,N/A,Q,A,A,A,N/A,N/A,N/A,N/A,04-01-2026,,,,,2025,2024,3Y PM Program overdue.
3,61BBT10,6410131,GEN,6,11,6.6,11/6.6,UAT,5,89,Healthy,1152,,A,A,A,A,A,A,A,N/A,N/A,A,A,A,N/A,N/A,N/A,Q,Q,A,A,A,A,A,A,A,A,N/A,Q,A,A,A,N/A,N/A,N/A,N/A,04-01-2026,,,,,2026,2024,3Y PM Program overdue.
4,62BBT10,6410132,GEN,6,11,6.6,11/6.6,UAT,5,73,Monitor,1152,,A,,,,,,,N/A,N/A,A,,,,,,Q,Q,A,A,A,A,A,A,A,A,,Q,A,A,A,,,,,,,,,,2025,-,"[Insulation Oil] Gas or Delta exceeds baseline (CO Δ (178.0 > T3: 175)). Resample within 1 month, increase frequency to 1–3 months (Trend analysis).; Add passivator"
5,GT2B GSUT,4710348,GEN,50,123,11,123/11,GSUT,21,86,Healthy,905,,A,A,A,A,A,A,A,A,A,N/A,A,Q,N/A,A,A,Q,A,A,A,A,A,A,A,A,A,A,A,Q,A,A,N/A,N/A,N/A,N/A,04-01-2026,,,,,2026,2027,"Replacement buchholz relay (oil leak), Add passivator and budget plan for oil regeneration (IFT questinable limit)."
6,GT2C GSUT,4710349,GEN,50,123,11,123/11,GSUT,21,80,Healthy,930,,A,A,A,A,A,A,A,A,A,N/A,A,U,N/A,N/A,N/A,A,A,A,A,A,A,A,A,A,A,A,A,A,A,A,N/A,N/A,N/A,N/A,04-01-2026,,,,,2026,2026,Add passivator and budget plan for oil regeneration (IFT questinable limit).
7,41BAT10 (GTG41),6310537,GEN,65,120,11,120/11,GSUT,5,85,Healthy,1066,,A,A,A,A,A,A,A,,,,A,A,,,,Q,Q,A,A,A,A,A,A,A,A,,Q,A,A,A,A,,,,,,,,,2026,-,"[Insulation Oil] Gas or Delta exceeds baseline (CO rate (237.5 > T4: 100 ppm/yr, level ≤ T2: 1100), CO2 level (6977 > T1: 5000)). Resample within 1 month, increase frequency to 1–3 months (Trend analysis).; Add passivator"
8,42BAT10 (GTG42),6310535,GEN,65,120,11,120/11,GSUT,5,85,Healthy,1117,,A,A,A,A,A,A,A,,,,A,A,,,,Q,Q,A,A,A,A,A,A,A,A,,Q,A,A,A,A,,,,,,,,,2026,-,"[Insulation Oil] Elevated cellulose degradation / paper aging detected (CO rate (211.8 > T4: 80 ppm/yr & level > T2: 600), CO level (681 > T2: 600)). Combustible gases (H2, CH4, C2H6, C2H4, C2H2) are normal. Recommend monitoring CO/CO2 trend, testing Furan/DP, and checking transformer operating temperature.; Add passivator"
9,61BAT10 (GTG61),6310534,GEN,65,120,11,120/11,GSUT,5,90,Healthy,1117,,A,A,,,A,A,,,,,A,A,,,,Q,Q,A,A,A,A,A,A,A,A,,Q,A,A,A,A,,,,,,,,,2026,-,"[Insulation Oil] Gas or Delta exceeds baseline (CO rate (210.0 > T4: 100 ppm/yr, level ≤ T2: 1100), CO2 rate (1420.0 > T4: 1000 ppm/yr, level ≤ T2: 7000)). Resample within 1 month, increase frequency to 1–3 months (Trend analysis).; Add passivator"
10,62BAT10 (GTG62),6310536,GEN,65,120,11,120/11,GSUT,5,89,Healthy,1117,,A,,,,,,,,,,A,A,,,,Q,Q,A,A,A,A,A,A,A,A,,Q,A,A,A,A,,,,,,,,,2026,-,"[Insulation Oil] Gas or Delta exceeds baseline (CO rate (264.5 > T4: 100 ppm/yr, level ≤ T2: 1100), CO2 rate (1687.2 > T4: 1000 ppm/yr, level ≤ T2: 7000)). Resample within 1 month, increase frequency to 1–3 months (Trend analysis).; Add passivator"
11,TR1,54002,GEN,50,115,23,115/23,Distribution,32,93,Healthy,991,,A,A,A,A,A,A,A,,,,A,A,,,,Q,A,A,A,A,Q,A,A,A,A,,A,A,A,A,A,,,,,,,,,2026,-,[Insulation Oil] Check oil PF at 100C
12,TR2,508038,GEN,50,115,23,115/23,Distribution,32,70,Monitor,1047,,A,A,A,A,A,A,A,,,,U,W,,,,Q,Q,A,A,A,A,A,A,A,A,,Q,A,A,A,A,,,,,,,,,2026,-,"[Urgent Action] <strong>Power Factor</strong>: Check LV Bushing Power Factor (Measured: X1: 1.65%) | [Insulation Oil] Gas or Delta exceeds baseline (CO level (1027 > T1: 900), CO rate (110.9 > T4: 100 ppm/yr, level ≤ T2: 1100)). Resample within 1 month, increase frequency to 1–3 months (Trend analysis).; Add passivator | [Arrester] Check HV Arrester Watt Loss"
13,TR3,54001,GEN,50,115,23,115/23,Distribution,32,83,Healthy,1117,,A,A,A,A,A,A,A,,,,U,A,,,,Q,Q,A,A,A,A,A,A,A,A,,A,A,A,A,A,,,,,,,,,2026,-,"[Urgent Action] <strong>Power Factor</strong>: Check LV Bushing Power Factor (Measured: X1: 1.65%) | [Insulation Oil] Gas or Delta exceeds baseline (C2H4 level (64 > T1: 60), C2H4 Δ (64.0 > T3: 20)). Resample within 1 month, increase frequency to 1–3 months (Trend analysis)."
14,GT2B Bleeding,383204884,GEN,4.5,11,6.9,11/6.9,Auxiliary,31,91,Healthy,1047,,A,A,A,A,A,A,A,A,A,N/A,A,A,N/A,N/A,N/A,Q,A,A,A,A,Q,A,A,A,A,N/A,A,A,A,A,N/A,N/A,N/A,N/A,04-01-2026,,,,,2025,2027,"Plan for oil regeneration: Concern oil conductivity is unacceptable limit, PF 100C and IFT are questionable limit."
15,GT2C Bleeding,383204886,GEN,4.5,11,6.9,11/6.9,Auxiliary,31,89,Healthy,1117,,A,Q,A,A,Q,A,A,A,A,N/A,A,A,N/A,N/A,N/A,Q,A,A,A,A,A,A,A,A,A,N/A,Q,Q,A,A,N/A,N/A,N/A,N/A,04-01-2026,,,,,2025,2024,"3Y PM program overdue, Plan for oil regeneration: Concern oil conductivity is unacceptable limit, Corrosive sulfur is suspect corrosive (3b)."
16,ETR1,6611059,GEN,315,22,0.4,22/0.4,Auxiliary,3,87,Healthy,1152,,A,,,,,,,,,,A,A,,,,Q,Q,A,A,A,A,A,A,A,A,,Q,A,A,A,,,,,,,,,,2026,-,"[Insulation Oil] Gas or Delta exceeds baseline (CO2 rate (1592.3 > T4: 800 ppm/yr, level ≤ T2: 5000)). Resample within 1 month, increase frequency to 1–3 months (Trend analysis).; Add passivator"
17,ETR2,6611060,GEN,315,22,0.4,22/0.4,Auxiliary,3,73,Monitor,1152,,Q,,,,,,,,,,Q,Q,,,,Q,A,A,A,A,A,A,A,A,A,,Q,A,A,A,,,,,,,,,,2026,-,[General Part] Plan visual maintenance / Repair defects | [Insulation Oil] Add passivator | [Bushing] Plan visual maintenance / Repair defects | [Arrester] Plan visual maintenance / Repair defects
18,ETR3,5310991,GEN,315,22,0.4,22/0.4,Auxiliary,16,86,Healthy,,,A,A,A,A,A,A,A,,,,A,A,,,,Q,Q,A,A,A,A,A,A,A,A,,Q,A,A,A,,,,,,,,,,2026,-,"[Insulation Oil] Elevated cellulose degradation / paper aging detected (CO level (803 > T2: 600)). Combustible gases (H2, CH4, C2H6, C2H4, C2H2) are normal. Recommend monitoring CO/CO2 trend, testing Furan/DP, and checking transformer operating temperature.; Add passivator"
19,EDTRF-TCC1 (TR7),3905095,GEN,4,22,6.6,22/6.6,Auxiliary,30,80,Healthy,668,,A,Q,Q,Q,Q,A,A,,,,A,A,,,,Q,Q,A,A,A,A,A,A,A,A,,Q,A,A,A,,,,,,,,,,2026,-,"[Active Part] Core demagnetization recommended; Check winding insulation & oil moisture (Mineral Oil < 230 kV: PF 0.5-0.7%); Monitor insulation dryness; Low Polarization Index (PI = 1.10): Perform insulation drying process and moisture investigation | [Insulation Oil] Gas or Delta exceeds baseline (CH4 Δ (12.0 > T3: 10), CO2 level (5645 > T1: 5500)). Resample within 1 month, increase frequency to 1–3 months (Trend analysis).; Add passivator; Low interfacial tension (21.9 mN/m): Plan oil reclaiming"
20,EDTRF-TCC2 (TR6),56118448EE,GEN,2,22,0.4,22/0.4,Auxiliary,13,93,Healthy,1152,,A,,,,,,,,,,A,A,,,,Q,A,A,A,A,A,A,A,A,A,,Q,A,A,A,,,,,,,,,,2025,-,[Insulation Oil] Add passivator
21,EDTRF-TCC3 (TR5),50310092,GEN,1.6,22,0.4,22/0.4,Auxiliary,19,97,Healthy,1066,,A,A,A,A,A,A,A,,,,A,A,,,,A,A,A,A,A,A,A,A,A,A,,A,A,A,A,,,,,,,,,,2025,-,"Normal Condition: All diagnostic tests, insulating oil properties, and visual inspections are within acceptable limits. The transformer is in normal operating condition. Perform routine inspection and preventive maintenance."
22,41BFT30 (Starting TR),E541351_1,GEN,1.25,11,0.69,11/0.69,Auxiliary,5,,,,,,,,,,,,,,,,,,,,,,,,,,,,,,,,,,,,,,,,,,,,,-,"Normal Condition: All diagnostic tests, insulating oil properties, and visual inspections are within acceptable limits. The transformer is in normal operating condition. Perform routine inspection and preventive maintenance."
23,42BFT30 (Starting TR),E541351_2,GEN,1.25,11,0.69,11/0.69,Auxiliary,5,,,,,,,,,,,,,,,,,,,,,,,,,,,,,,,,,,,,,,,,,,,,,-,"Normal Condition: All diagnostic tests, insulating oil properties, and visual inspections are within acceptable limits. The transformer is in normal operating condition. Perform routine inspection and preventive maintenance."
24,61BFT30 (Starting TR),E541361_1,GEN,1.25,11,0.69,11/0.69,Auxiliary,5,,,,,,,,,,,,,,,,,,,,,,,,,,,,,,,,,,,,,,,,,,,,,-,"Normal Condition: All diagnostic tests, insulating oil properties, and visual inspections are within acceptable limits. The transformer is in normal operating condition. Perform routine inspection and preventive maintenance."
25,62BFT30 (Starting TR),E541361_2,GEN,1.25,11,0.69,11/0.69,Auxiliary,5,,,,,,,,,,,,,,,,,,,,,,,,,,,,,,,,,,,,,,,,,,,,,-,"Normal Condition: All diagnostic tests, insulating oil properties, and visual inspections are within acceptable limits. The transformer is in normal operating condition. Perform routine inspection and preventive maintenance."
26,40BFT10,6410133,GEN,1.25,11,0.4,11/0.4,Auxiliary,5,,,,,,,,,,,,,,,,,,,,,,,,,,,,,,,,,,,,,,,,,,,,,-,"Normal Condition: All diagnostic tests, insulating oil properties, and visual inspections are within acceptable limits. The transformer is in normal operating condition. Perform routine inspection and preventive maintenance."
27,40BFT20,6410134,GEN,1.25,11,0.4,11/0.4,Auxiliary,5,73,Monitor,1152,,,,,,,,,,,,,,,,,Q,Q,A,A,A,A,A,A,A,A,,Q,A,A,Q,,,,,,,,,,2025,-,"[Insulation Oil] Gas or Delta exceeds baseline (CO level (569 > T1: 500)). Resample within 1 month, increase frequency to 1–3 months (Trend analysis).; Inspect oil sludge; Add passivator"
28,60BFT10,6410135,GEN,1.25,11,0.4,11/0.4,Auxiliary,5,73,Monitor,1152,,,,,,,,,,,,,,,,,Q,Q,A,A,A,A,A,A,A,A,,Q,A,A,A,,,,,,,,,,2025,-,"[Insulation Oil] Gas or Delta exceeds baseline (CO level (560 > T1: 500)). Resample within 1 month, increase frequency to 1–3 months (Trend analysis).; Add passivator"
29,60BFT20,6410136,GEN,1.25,11,0.4,11/0.4,Auxiliary,5,73,Monitor,1152,,,,,,,,,,,,,,,,,Q,Q,A,A,A,A,A,A,A,A,,Q,A,A,A,,,,,,,,,,2025,-,"[Insulation Oil] Gas or Delta exceeds baseline (CO level (532 > T1: 500)). Resample within 1 month, increase frequency to 1–3 months (Trend analysis).; Add passivator"
30,2BBFT20,3902641,GEN,2.5,6.6,0.4,6.6/0.4,Auxiliary,30,85,Healthy,,,A,W,A,A,W,A,Q,,,,A,A,,,,,,,,,,,,,,,,,,,,,,,,,,,,2021,-,[Active Part] Check core grounding & perform FRA; Check LV winding resistance & connections
31,2CBFT20,3902642,GEN,2.5,6.6,0.4,6.6/0.4,Auxiliary,30,90,Healthy,,,A,Q,A,A,A,A,Q,,,,A,A,,,,,,,,,,,,,,,,,,,,,,,,,,,,2021,-,[Active Part] Check LV winding resistance & connections
32,21-90-ED-XT-TR1,14231662_2,GEN,1.6,6.6,0.4,6.6/0.4,Auxiliary,33,80,Healthy,-,-,A,U,A,A,U,A,A,Q,A,N/A,A,A,N/A,N/A,N/A,N/A,N/A,N/A,N/A,N/A,N/A,N/A,N/A,N/A,N/A,N/A,N/A,N/A,N/A,N/A,N/A,N/A,N/A,N/A,04-01-2026,,,,,2021,2022,3Y PM program overdue.
33,21-90-ED-XT-TR2,14231662_3,GEN,1.6,6.6,0.4,6.6/0.4,Auxiliary,33,80,Healthy,-,-,A,U,A,A,U,A,A,Q,A,N/A,A,A,N/A,N/A,N/A,N/A,N/A,N/A,N/A,N/A,N/A,N/A,N/A,N/A,N/A,N/A,N/A,N/A,N/A,N/A,N/A,N/A,N/A,N/A,04-01-2026,,,,,2021,2022,3Y PM program overdue.
34,21-90-ED-XT-TR3,14231662_1,GEN,1.6,6.6,0.4,6.6/0.4,Auxiliary,33,80,Healthy,-,-,A,U,A,A,U,A,A,Q,A,N/A,A,A,N/A,N/A,N/A,N/A,N/A,N/A,N/A,N/A,N/A,N/A,N/A,N/A,N/A,N/A,N/A,N/A,N/A,N/A,N/A,N/A,N/A,N/A,04-01-2026,,,,,2021,2022,3Y PM program overdue.
35,21-90-ED-XT-TR4,14231662_4,GEN,1.6,6.6,0.4,6.6/0.4,Auxiliary,33,80,Healthy,-,-,A,U,A,A,U,A,A,Q,A,N/A,A,A,N/A,N/A,N/A,N/A,N/A,N/A,N/A,N/A,N/A,N/A,N/A,N/A,N/A,N/A,N/A,N/A,N/A,N/A,N/A,N/A,N/A,N/A,04-01-2026,,,,,2021,2022,3Y PM program overdue.
35,61BBT01 (GH1 UAT1),3011080055,GHECO-ONE,60,23,11,23/11,UAT,16,89,Healthy,1066,,A,A,A,A,A,A,A,,,,A,A,,,,Q,A,A,A,A,A,A,A,A,A,,Q,A,A,A,,,,,,,,,,2026,-,[Insulation Oil] Add passivator
35,61BBT02 (GH1 UAT2),3011080056,GHECO-ONE,60,23,11,23/11,UAT,16,80,Healthy,1016,,A,W,A,A,W,A,A,,,,A,A,,,,Q,Q,A,A,A,A,A,A,A,A,,Q,A,A,A,,,,,,,,,,2026,-,"[Active Part] Check core grounding & perform FRA | [Insulation Oil] Elevated cellulose degradation / paper aging detected (CO level (1217 > T2: 1100)). Combustible gases (H2, CH4, C2H6, C2H4, C2H2) are normal. Recommend monitoring CO/CO2 trend, testing Furan/DP, and checking transformer operating temperature.; Add passivator"
35,61BBT03 (GH1 Excitation),JD85034202,GHECO-ONE,7,23,0.92,23/0.92,UAT,16,80,Healthy,1152,,A,U,A,A,U,A,A,,,,A,A,,,,Q,A,A,A,A,A,A,A,A,A,,Q,A,A,A,,,,,,,,,,2026,-,"[Urgent Action] <strong>Exciting Current</strong>: Investigate turn short / core damage immediately (Measured: H1: 69.9, H2: 69.0, H3: 97.3 mA<br>Pattern: H-L-H) | [Active Part] Low Polarization Index (PI = 1.29): Perform insulation drying process and moisture investigation | [Insulation Oil] Add passivator"
35,61BAT01 (GH1 GSUT),TP70279703,GHECO-ONE,875,245,23,245/23,GSUT,16,79,Monitor,1089,,A,Q,A,A,,A,Q,,,,Q,A,,,,Q,A,A,Q,A,A,A,A,A,A,,Q,A,A,A,A,,,,,,,,,2026,-,"[Active Part] Check HV winding resistance & OLTC tap contacts at Tap Max 4.51%, Tap Cen 5.44%, Tap Min 4.89% | [Insulation Oil] Plan oil filtration (Min 50 kV); Add passivator | [Bushing] Check HV Bushing Capacitance Change; Check LV Bushing Capacitance Change"
35,61BMT03 (Back Up),5513053,GHECO-ONE,10,22,11,22/11,Auxiliary,14,78,Monitor,862,,A,U,A,A,U,A,A,,,,A,A,,,,Q,Q,A,A,A,A,A,A,A,A,,Q,A,A,A,A,,,,,,,,,2026,-,"[Urgent Action] <strong>Exciting Current</strong>: Investigate turn short / core damage immediately (Measured: H1: 32.4, H2: 83.1, H3: 80.3 mA<br>Pattern: L-H-L) | [Insulation Oil] Gas or Delta exceeds baseline (CO level (1098 > T1: 900)). Resample within 1 month, increase frequency to 1–3 months (Trend analysis).; Add passivator"
35,61BFT01 (LV TR-1),VN85040201_1,GHECO-ONE,2.5,10.5,0.4,10.5/0.4,Auxiliary,16,85,Healthy,,,A,W,A,A,W,A,Q,,,,A,A,,,,,,,,,,,,,,,,,,,,,,,,,,,,2021,-,[Active Part] Check core grounding & perform FRA; Check winding capacitance & deformation; Check LV winding resistance & connections
35,61BFT02 (LV TR-2),VN85040201_2,GHECO-ONE,2.5,10.5,0.4,10.5/0.4,Auxiliary,16,85,Healthy,,,A,W,A,A,W,A,Q,,,,A,A,,,,,,,,,,,,,,,,,,,,,,,,,,,,2019,-,[Active Part] Check core grounding & perform FRA; Check LV winding resistance & connections
35,61BFT03 (LV TR-3),VN85040201_3,GHECO-ONE,2.5,10.5,0.4,10.5/0.4,Auxiliary,16,85,Healthy,,,A,W,A,A,W,A,Q,,,,A,A,,,,,,,,,,,,,,,,,,,,,,,,,,,,2021,-,[Active Part] Check core grounding & perform FRA; Check LV winding resistance & connections
35,61BFT04 (LV TR-4),VN85040201_4,GHECO-ONE,2.5,10.5,0.4,10.5/0.4,Auxiliary,16,85,Healthy,,,A,W,A,A,W,A,Q,,,,A,A,,,,,,,,,,,,,,,,,,,,,,,,,,,,2019,-,[Active Part] Check core grounding & perform FRA; Check winding capacitance & deformation; Check LV winding resistance & connections
35,61BFT05 (LV TR-5),VN85040204_1,GHECO-ONE,2.5,10.5,0.4,10.5/0.4,Auxiliary,16,85,Healthy,,,A,W,A,A,W,A,A,,,,A,A,,,,,,,,,,,,,,,,,,,,,,,,,,,,2019,-,[Active Part] Check core grounding & perform FRA; Low Polarization Index (PI = 1.28): Perform insulation drying process and moisture investigation
35,61BFT06 (LV TR-6),VN85040204_2,GHECO-ONE,2.5,10.5,0.4,10.5/0.4,Auxiliary,16,85,Healthy,,,A,W,A,A,W,A,Q,,,,A,A,,,,,,,,,,,,,,,,,,,,,,,,,,,,2021,-,[Active Part] Check core grounding & perform FRA; Check winding capacitance & deformation; Check LV winding resistance & connections
35,61BGT01 (LV ESP-1),VN85042301_1,GHECO-ONE,3.5,10.5,0.4,10.5/0.4,Auxiliary,16,85,Healthy,,,A,W,A,A,W,A,A,,,,A,A,,,,,,,,,,,,,,,,,,,,,,,,,,,,2019,-,[Active Part] Check core grounding & perform FRA
35,61BGT02 (LV ESP-2),VN85042301_2,GHECO-ONE,3.5,10.5,0.4,10.5/0.4,Auxiliary,16,85,Healthy,,,A,W,A,A,W,A,A,,,,A,A,,,,,,,,,,,,,,,,,,,,,,,,,,,,2019,-,[Active Part] Check core grounding & perform FRA; Low Polarization Index (PI = 1.25): Perform insulation drying process and moisture investigation
35,61BGT09 (LV SWFGD-1),VN85040202_1,GHECO-ONE,1.5,10.5,0.4,10.5/0.4,Auxiliary,16,85,Healthy,,,A,W,A,A,W,A,Q,,,,A,A,,,,,,,,,,,,,,,,,,,,,,,,,,,,2021,-,[Active Part] Check core grounding & perform FRA; Check winding capacitance & deformation; Check LV winding resistance & connections
35,61BGT10 (LV SWFGD-2),VN85040202_2,GHECO-ONE,1.5,10.5,0.4,10.5/0.4,Auxiliary,16,85,Healthy,,,A,W,A,A,W,A,Q,,,,A,A,,,,,,,,,,,,,,,,,,,,,,,,,,,,2019,-,[Active Part] Check core grounding & perform FRA; Check LV winding resistance & connections
35,61BGT07 (LV ASH-1),VN85042302_2,GHECO-ONE,1.5,10.5,0.4,10.5/0.4,Auxiliary,16,80,Healthy,,,A,U,A,Q,U,A,A,,,,A,A,,,,,,,,,,,,,,,,,,,,,,,,,,,,2021,-,"[Urgent Action] <strong>Exciting Current</strong>: Investigate turn short / core damage immediately (Measured: H1: 7.4, H2: 9.6, H3: 9.9 mA<br>Pattern: L-H-H) | [Active Part] Check winding insulation & oil moisture (Mineral Oil < 230 kV: PF 0.5-0.7%)"
35,61BGT08 (LV ASH-2),VN85042302_1,GHECO-ONE,1.5,10.5,0.4,10.5/0.4,Auxiliary,16,80,Healthy,,,A,U,A,W,U,A,A,,,,A,A,,,,,,,,,,,,,,,,,,,,,,,,,,,,2019,-,"[Urgent Action] <strong>Exciting Current</strong>: Investigate turn short / core damage immediately (Measured: H1: 7.6, H2: 10.1, H3: 10.4 mA<br>Pattern: L-H-H) | [Active Part] High Power Factor - recondition or dry out insulation (Mineral Oil < 230 kV: PF 0.7-1.0%)"
35,61BGT05 (LV CHS-1),VN13700702_2,GHECO-ONE,1,10.5,0.4,10.5/0.4,Auxiliary,16,85,Healthy,,,A,W,A,W,W,A,Q,,,,A,A,,,,,,,,,,,,,,,,,,,,,,,,,,,,2021,-,[Active Part] Check core grounding & perform FRA; High Power Factor - recondition or dry out insulation (Mineral Oil < 230 kV: PF 0.7-1.0%); Check LV winding resistance & connections
35,61BGT06 (LV CHS-2),VN13700702_1,GHECO-ONE,1,10.5,0.4,10.5/0.4,Auxiliary,16,85,Healthy,,,A,W,A,A,W,A,Q,,,,A,A,,,,,,,,,,,,,,,,,,,,,,,,,,,,2019,-,[Active Part] Check core grounding & perform FRA; Check HV winding resistance & DETC tap contacts at Tap Cen 4.21%; Check LV winding resistance & connections
35,61BGT03 (LV CHS-3),VN13700701_2,GHECO-ONE,1.5,10.5,0.4,10.5/0.4,Auxiliary,16,80,Healthy,,,A,U,A,A,W,A,U,,,,A,A,,,,,,,,,,,,,,,,,,,,,,,,,,,,2021,-,[Urgent Action] <strong>LV Winding Resistance</strong>: Check LV winding resistance & connections (Measured: Phase: 5.13%<br>FAT: 39.17%) | [Active Part] Check core grounding & perform FRA
35,61BGT04 (LV CHS-4),VN13700701_1,GHECO-ONE,1.5,10.5,0.4,10.5/0.4,Auxiliary,16,85,Healthy,,,A,W,A,A,W,A,A,,,,A,A,,,,,,,,,,,,,,,,,,,,,,,,,,,,2019,-,[Active Part] Check core grounding & perform FRA; Check winding capacitance & deformation
35,61GBY01GT001.35.EN,170709/1,GHECO-ONE,1.17,10.5,0.15,10.5/0.15,Auxiliary,16,,,,,,,,,,,,,,,,,,,,,,,,,,,,,,,,,,,,,,,,,,,,,-,"Normal Condition: All diagnostic tests, insulating oil properties, and visual inspections are within acceptable limits. The transformer is in normal operating condition. Perform routine inspection and preventive maintenance."
35,61GBY01GT002.35.EN,170709/2,GHECO-ONE,1.17,10.5,0.15,10.5/0.15,Auxiliary,16,,,,,,,,,,,,,,,,,,,,,,,,,,,,,,,,,,,,,,,,,,,,,-,"Normal Condition: All diagnostic tests, insulating oil properties, and visual inspections are within acceptable limits. The transformer is in normal operating condition. Perform routine inspection and preventive maintenance."
35,61HDE10GT001.35.EN,N09057,GHECO-ONE,0.136,0.4,0.11,0.4/0.11,Auxiliary,-,,,,,,,,,,,,,,,,,,,,,,,,,,,,,,,,,,,,,,,,,,,,,-,"Normal Condition: All diagnostic tests, insulating oil properties, and visual inspections are within acceptable limits. The transformer is in normal operating condition. Perform routine inspection and preventive maintenance."
35,61HDE10GT002.35.EN,N09058,GHECO-ONE,0.136,0.4,0.11,0.4/0.11,Auxiliary,-,,,,,,,,,,,,,,,,,,,,,,,,,,,,,,,,,,,,,,,,,,,,,-,"Normal Condition: All diagnostic tests, insulating oil properties, and visual inspections are within acceptable limits. The transformer is in normal operating condition. Perform routine inspection and preventive maintenance."
35,61HDE10GT003.35.EN,N09059,GHECO-ONE,0.136,0.4,0.11,0.4/0.11,Auxiliary,-,,,,,,,,,,,,,,,,,,,,,,,,,,,,,,,,,,,,,,,,,,,,,-,"Normal Condition: All diagnostic tests, insulating oil properties, and visual inspections are within acceptable limits. The transformer is in normal operating condition. Perform routine inspection and preventive maintenance."
35,61HDE10GT004.35.EN,N09060,GHECO-ONE,0.136,0.4,0.11,0.4/0.11,Auxiliary,-,,,,,,,,,,,,,,,,,,,,,,,,,,,,,,,,,,,,,,,,,,,,,-,"Normal Condition: All diagnostic tests, insulating oil properties, and visual inspections are within acceptable limits. The transformer is in normal operating condition. Perform routine inspection and preventive maintenance."
35,61HDE10GT005.35.EN,N09061,GHECO-ONE,0.136,0.4,0.11,0.4/0.11,Auxiliary,-,,,,,,,,,,,,,,,,,,,,,,,,,,,,,,,,,,,,,,,,,,,,,-,"Normal Condition: All diagnostic tests, insulating oil properties, and visual inspections are within acceptable limits. The transformer is in normal operating condition. Perform routine inspection and preventive maintenance."
35,61HDE10GT006.35.EN,N09062,GHECO-ONE,0.136,0.4,0.11,0.4/0.11,Auxiliary,-,,,,,,,,,,,,,,,,,,,,,,,,,,,,,,,,,,,,,,,,,,,,,-,"Normal Condition: All diagnostic tests, insulating oil properties, and visual inspections are within acceptable limits. The transformer is in normal operating condition. Perform routine inspection and preventive maintenance."
35,61HDE10GT007.35.EN,N09063,GHECO-ONE,0.136,0.4,0.11,0.4/0.11,Auxiliary,-,,,,,,,,,,,,,,,,,,,,,,,,,,,,,,,,,,,,,,,,,,,,,-,"Normal Condition: All diagnostic tests, insulating oil properties, and visual inspections are within acceptable limits. The transformer is in normal operating condition. Perform routine inspection and preventive maintenance."
35,61HDE10GT008.35.EN,N09064,GHECO-ONE,0.136,0.4,0.11,0.4/0.11,Auxiliary,-,,,,,,,,,,,,,,,,,,,,,,,,,,,,,,,,,,,,,,,,,,,,,-,"Normal Condition: All diagnostic tests, insulating oil properties, and visual inspections are within acceptable limits. The transformer is in normal operating condition. Perform routine inspection and preventive maintenance."
35,61HDE10GT009.35.EN,N09065,GHECO-ONE,0.136,0.4,0.11,0.4/0.11,Auxiliary,-,,,,,,,,,,,,,,,,,,,,,,,,,,,,,,,,,,,,,,,,,,,,,-,"Normal Condition: All diagnostic tests, insulating oil properties, and visual inspections are within acceptable limits. The transformer is in normal operating condition. Perform routine inspection and preventive maintenance."
35,61HDE10GT010.35.EN,N09066,GHECO-ONE,0.136,0.4,0.11,0.4/0.11,Auxiliary,-,,,,,,,,,,,,,,,,,,,,,,,,,,,,,,,,,,,,,,,,,,,,,-,"Normal Condition: All diagnostic tests, insulating oil properties, and visual inspections are within acceptable limits. The transformer is in normal operating condition. Perform routine inspection and preventive maintenance."
35,61HDE10GT011.35.EN,N09067,GHECO-ONE,0.136,0.4,0.11,0.4/0.11,Auxiliary,-,,,,,,,,,,,,,,,,,,,,,,,,,,,,,,,,,,,,,,,,,,,,,-,"Normal Condition: All diagnostic tests, insulating oil properties, and visual inspections are within acceptable limits. The transformer is in normal operating condition. Perform routine inspection and preventive maintenance."
35,61HDE10GT012.35.EN,N09068,GHECO-ONE,0.136,0.4,0.11,0.4/0.11,Auxiliary,-,,,,,,,,,,,,,,,,,,,,,,,,,,,,,,,,,,,,,,,,,,,,,-,"Normal Condition: All diagnostic tests, insulating oil properties, and visual inspections are within acceptable limits. The transformer is in normal operating condition. Perform routine inspection and preventive maintenance."
35,61HDE20GT001.35.EN,N09069,GHECO-ONE,0.136,0.4,0.11,0.4/0.11,Auxiliary,-,,,,,,,,,,,,,,,,,,,,,,,,,,,,,,,,,,,,,,,,,,,,,-,"Normal Condition: All diagnostic tests, insulating oil properties, and visual inspections are within acceptable limits. The transformer is in normal operating condition. Perform routine inspection and preventive maintenance."
35,61HDE20GT002.35.EN,N09070,GHECO-ONE,0.136,0.4,0.11,0.4/0.11,Auxiliary,-,,,,,,,,,,,,,,,,,,,,,,,,,,,,,,,,,,,,,,,,,,,,,-,"Normal Condition: All diagnostic tests, insulating oil properties, and visual inspections are within acceptable limits. The transformer is in normal operating condition. Perform routine inspection and preventive maintenance."
35,61HDE20GT003.35.EN,N09071,GHECO-ONE,0.136,0.4,0.11,0.4/0.11,Auxiliary,-,,,,,,,,,,,,,,,,,,,,,,,,,,,,,,,,,,,,,,,,,,,,,-,"Normal Condition: All diagnostic tests, insulating oil properties, and visual inspections are within acceptable limits. The transformer is in normal operating condition. Perform routine inspection and preventive maintenance."
35,61HDE20GT004.35.EN,N09072,GHECO-ONE,0.136,0.4,0.11,0.4/0.11,Auxiliary,-,,,,,,,,,,,,,,,,,,,,,,,,,,,,,,,,,,,,,,,,,,,,,-,"Normal Condition: All diagnostic tests, insulating oil properties, and visual inspections are within acceptable limits. The transformer is in normal operating condition. Perform routine inspection and preventive maintenance."
35,61HDE20GT005.35.EN,N09073,GHECO-ONE,0.136,0.4,0.11,0.4/0.11,Auxiliary,-,,,,,,,,,,,,,,,,,,,,,,,,,,,,,,,,,,,,,,,,,,,,,-,"Normal Condition: All diagnostic tests, insulating oil properties, and visual inspections are within acceptable limits. The transformer is in normal operating condition. Perform routine inspection and preventive maintenance."
35,61HDE20GT006.35.EN,N09074,GHECO-ONE,0.136,0.4,0.11,0.4/0.11,Auxiliary,-,,,,,,,,,,,,,,,,,,,,,,,,,,,,,,,,,,,,,,,,,,,,,-,"Normal Condition: All diagnostic tests, insulating oil properties, and visual inspections are within acceptable limits. The transformer is in normal operating condition. Perform routine inspection and preventive maintenance."
35,61HDE20GT007.35.EN,N09075,GHECO-ONE,0.136,0.4,0.11,0.4/0.11,Auxiliary,-,,,,,,,,,,,,,,,,,,,,,,,,,,,,,,,,,,,,,,,,,,,,,-,"Normal Condition: All diagnostic tests, insulating oil properties, and visual inspections are within acceptable limits. The transformer is in normal operating condition. Perform routine inspection and preventive maintenance."
35,61HDE20GT008.35.EN,N09076,GHECO-ONE,0.136,0.4,0.11,0.4/0.11,Auxiliary,-,,,,,,,,,,,,,,,,,,,,,,,,,,,,,,,,,,,,,,,,,,,,,-,"Normal Condition: All diagnostic tests, insulating oil properties, and visual inspections are within acceptable limits. The transformer is in normal operating condition. Perform routine inspection and preventive maintenance."
35,61HDE20GT009.35.EN,N09077,GHECO-ONE,0.136,0.4,0.11,0.4/0.11,Auxiliary,-,,,,,,,,,,,,,,,,,,,,,,,,,,,,,,,,,,,,,,,,,,,,,-,"Normal Condition: All diagnostic tests, insulating oil properties, and visual inspections are within acceptable limits. The transformer is in normal operating condition. Perform routine inspection and preventive maintenance."
35,61HDE20GT010.35.EN,N09078,GHECO-ONE,0.136,0.4,0.11,0.4/0.11,Auxiliary,-,,,,,,,,,,,,,,,,,,,,,,,,,,,,,,,,,,,,,,,,,,,,,-,"Normal Condition: All diagnostic tests, insulating oil properties, and visual inspections are within acceptable limits. The transformer is in normal operating condition. Perform routine inspection and preventive maintenance."
35,61HDE20GT011.35.EN,N09079,GHECO-ONE,0.136,0.4,0.11,0.4/0.11,Auxiliary,-,,,,,,,,,,,,,,,,,,,,,,,,,,,,,,,,,,,,,,,,,,,,,-,"Normal Condition: All diagnostic tests, insulating oil properties, and visual inspections are within acceptable limits. The transformer is in normal operating condition. Perform routine inspection and preventive maintenance."
35,61HDE20GT012.35.EN,N09080,GHECO-ONE,0.136,0.4,0.11,0.4/0.11,Auxiliary,-,,,,,,,,,,,,,,,,,,,,,,,,,,,,,,,,,,,,,,,,,,,,,-,"Normal Condition: All diagnostic tests, insulating oil properties, and visual inspections are within acceptable limits. The transformer is in normal operating condition. Perform routine inspection and preventive maintenance."
35,11BBT20,T013001,GIPP,40,21,6.75,21/6.75,UAT,25,49,Critical,1152,,,,,,,,,,,,,,,,,U,U,A,A,A,A,A,A,A,A,,A,A,A,A,,,,,,,,,,2026,-,"[Urgent Action] <strong>Dissolve Gas Analysis (DGA)</strong>: Active fault detected (C2H6 rate (25.6 > T4: 9 ppm/yr & level > T2: 175), C2H6 level (402 > T2: 175)). Immediate fault investigation recommended. Perform Fault Identification (Duval/Rogers) & electrical diagnostic tests. (Measured: Critical (IEEE C57.104 Status 3: High Risk / Active Fault))"
35,21BBT20,T013007,GIPP,40,21,6.75,21/6.75,UAT,25,49,Critical,1016,,,,,,,,,,,,,,,,,U,U,A,A,A,A,A,A,A,A,,A,A,A,A,,,,,,,,,,2026,-,"[Urgent Action] <strong>Dissolve Gas Analysis (DGA)</strong>: Active fault detected (C2H6 rate (32.3 > T4: 9 ppm/yr & level > T2: 175), C2H6 level (392 > T2: 175)). Immediate fault investigation recommended. Perform Fault Identification (Duval/Rogers) & electrical diagnostic tests. (Measured: Critical (IEEE C57.104 Status 3: High Risk / Active Fault))"
35,11BAT10,T012006,GIPP,500,235,121,235/121,GSUT,25,49,Critical,1117,,A,A,A,,A,A,,,,,A,A,,,,U,U,A,A,A,A,A,A,A,A,,A,Q,A,A,A,,,,,,,,,2026,-,"[Urgent Action] <strong>Dissolve Gas Analysis (DGA)</strong>: Active fault detected (C2H6 rate (75.6 > T4: 9 ppm/yr & level > T2: 175), C2H6 level (258 > T2: 175)). Immediate fault investigation recommended. Perform Fault Identification (Duval/Rogers) & electrical diagnostic tests. (Measured: Critical (IEEE C57.104 Status 3: High Risk / Active Fault)) | [Insulation Oil] Top up metal passivator (> 100 ppm); Passivator level depleting (20 ppm): Monitor passivator concentration"
35,21BAT10,T012023,GIPP,500,235,121,235/121,GSUT,25,49,Critical,1003,,,,,,,,,,,,,,,,,U,U,A,A,A,A,A,A,A,A,,A,Q,A,A,,,,,,,,,,2025,-,"[Urgent Action] <strong>Dissolve Gas Analysis (DGA)</strong>: Active fault detected (CH4 rate (10.5 > T4: 3 ppm/yr & level > T2: 60), CH4 level (66 > T2: 60)). Immediate fault investigation recommended. Perform Fault Identification (Duval/Rogers) & electrical diagnostic tests. (Measured: Critical (IEEE C57.104 Status 3: High Risk / Active Fault)) | [Insulation Oil] Top up metal passivator (> 100 ppm); Passivator level depleting (41 ppm): Monitor passivator concentration"
35,11MKC50 (Excitation),5217613,GIPP,4.1,21,0.52,21/0.52,Auxiliary,25,73,Monitor,1003,,,,,,,,,,,,,,,,,Q,A,Q,A,A,Q,A,A,Q,A,,A,A,A,A,,,,,,,,,,2025,-,[Insulation Oil] Monitor water content; Check oil PF at 100C; Check acidity; Low interfacial tension (21.4 mN/m): Plan oil reclaiming
35,21MKC50 (Excitation),5217612,GIPP,4.1,21,0.52,21/0.52,Auxiliary,25,73,Monitor,1003,,,,,,,,,,,,,,,,,Q,A,Q,A,A,Q,A,A,Q,A,,Q,A,A,A,,,,,,,,,,2025,-,[Insulation Oil] Monitor water content; Check oil PF at 100C; Check acidity; Add passivator; Low interfacial tension (21.4 mN/m): Plan oil reclaiming
35,11BFT10,424758_03,GIPP,2.5,6.6,0.4,6.6/0.4,Auxiliary,25,,,,,,,,,,,,,,,,,,,,,,,,,,,,,,,,,,,,,,,,,,,,,-,"Normal Condition: All diagnostic tests, insulating oil properties, and visual inspections are within acceptable limits. The transformer is in normal operating condition. Perform routine inspection and preventive maintenance."
35,11BFT20,424758_04,GIPP,2.5,6.6,0.4,6.6/0.4,Auxiliary,25,,,,,,,,,,,,,,,,,,,,,,,,,,,,,,,,,,,,,,,,,,,,,-,"Normal Condition: All diagnostic tests, insulating oil properties, and visual inspections are within acceptable limits. The transformer is in normal operating condition. Perform routine inspection and preventive maintenance."
35,11BFT30,424759_01,GIPP,2.5,6.6,0.4,6.6/0.4,Auxiliary,25,,,,,,,,,,,,,,,,,,,,,,,,,,,,,,,,,,,,,,,,,,,,,-,"Normal Condition: All diagnostic tests, insulating oil properties, and visual inspections are within acceptable limits. The transformer is in normal operating condition. Perform routine inspection and preventive maintenance."
35,21BFT10,424758_01,GIPP,2.5,6.6,0.4,6.6/0.4,Auxiliary,25,,,,,,,,,,,,,,,,,,,,,,,,,,,,,,,,,,,,,,,,,,,,,-,"Normal Condition: All diagnostic tests, insulating oil properties, and visual inspections are within acceptable limits. The transformer is in normal operating condition. Perform routine inspection and preventive maintenance."
35,21BFT20,424759_02,GIPP,2.5,6.6,0.4,6.6/0.4,Auxiliary,25,,,,,,,,,,,,,,,,,,,,,,,,,,,,,,,,,,,,,,,,,,,,,-,"Normal Condition: All diagnostic tests, insulating oil properties, and visual inspections are within acceptable limits. The transformer is in normal operating condition. Perform routine inspection and preventive maintenance."
35,21BFT30,424758_02,GIPP,2.5,6.6,0.4,6.6/0.4,Auxiliary,25,,,,,,,,,,,,,,,,,,,,,,,,,,,,,,,,,,,,,,,,,,,,,-,"Normal Condition: All diagnostic tests, insulating oil properties, and visual inspections are within acceptable limits. The transformer is in normal operating condition. Perform routine inspection and preventive maintenance."
35,TR-1501,EV9277_1,GSPP11 PLT1,4.75,11,6.9,11/6.9,UAT,26,87,Healthy,855,,,,,,,,,,,,,,,,,A,A,A,A,A,A,A,A,A,A,,A,A,A,A,,,,,,,,,,2025,-,[Insulation Oil] Low interfacial tension (12.5 mN/m): Plan oil reclaiming
35,TR-1502,EV9277_2,GSPP11 PLT1,4.75,11,6.9,11/6.9,UAT,26,80,Healthy,923,,,,,,,,,,,,,,,,,Q,A,A,A,A,A,A,A,Q,A,,A,A,A,A,,,,,,,,,,2025,-,[Insulation Oil] Check acidity; Low interfacial tension (13.5 mN/m): Plan oil reclaiming
35,TR-101,ET8712/1,GSPP11 PLT1,48,123,11,123/11,GSUT,27,65,Warning,923,,Q,A,A,A,A,A,A,,,,W,Q,,,,Q,Q,A,A,A,Q,A,A,A,A,,A,Q,A,A,Q,,,,,,,,,2025,-,"[General Part] Plan visual maintenance / Repair defects | [Insulation Oil] Gas or Delta exceeds baseline (C2H4 level (65 > T1: 50), C2H4 Δ (60.0 > T3: 20)). Resample within 1 month, increase frequency to 1–3 months (Trend analysis).; Check oil PF at 100C; Top up metal passivator (> 100 ppm); Passivator level depleting (2 ppm): Monitor passivator concentration | [Bushing] Plan visual maintenance / Repair defects; Check HV Bushing Power Factor | [Arrester] Plan visual maintenance / Repair defects | [OLTC] Plan visual maintenance / Repair defects"
35,TR-201,ET8712_2,GSPP11 PLT1,48,123,11,123/11,GSUT,33,68,Warning,961,,Q,A,A,A,A,A,A,,,,Q,Q,,,,Q,Q,A,A,A,Q,A,A,A,A,,A,Q,A,A,Q,,,,,,,,,2025,-,"[General Part] Plan visual maintenance / Repair defects; Plan visual maintenance & repair defects: Oil leak bushing test tap HV Phase B | [Insulation Oil] Gas or Delta exceeds baseline (CO rate (296.6 > T4: 100 ppm/yr, level ≤ T2: 1100), CO2 Δ (2974.0 > T3: 2500)). Resample within 1 month, increase frequency to 1–3 months (Trend analysis).; Check oil PF at 100C; Top up metal passivator (> 100 ppm); Passivator level depleting (2 ppm): Monitor passivator concentration | [Bushing] Plan visual maintenance / Repair defects | [Arrester] Plan visual maintenance / Repair defects | [OLTC] Plan visual maintenance / Repair defects"
35,TR-301,ET8713/1,GSPP11 PLT1,52,123,10.5,123/10.5,GSUT,27,85,Healthy,1003,,A,W,A,W,A,A,A,,,,A,A,,,,Q,A,A,A,A,A,A,A,A,A,,A,Q,A,A,A,,,,,,,,,2025,-,[Active Part] High Power Factor - recondition or dry out insulation (Mineral Oil < 230 kV: PF 0.7-1.0%) | [Insulation Oil] Top up metal passivator (> 100 ppm); Passivator level depleting (19 ppm): Monitor passivator concentration
35,GE-TR1,PP0091B01,GSPP11 PLT1,26,22,11,22/11,GSUT,20,87,Healthy,1047,,,,,,,,,,,,,,,,,Q,A,A,A,A,A,A,A,A,A,,A,Q,A,A,,,,,,,,,,2025,-,[Insulation Oil] Top up metal passivator (> 100 ppm); Passivator level depleting (41 ppm): Monitor passivator concentration
35,GE-TR2,5710877,GSPP11 PLT1,25,22,11,22/11,GSUT,12,73,Monitor,1066,,,,,,,,,,,,,,,,,Q,Q,A,A,A,A,A,A,A,A,,Q,A,A,A,,,,,,,,,,2025,-,"[Insulation Oil] Gas or Delta exceeds baseline (CO level (1085 > T1: 900), CO Δ (577.0 > T3: 250)). Resample within 1 month, increase frequency to 1–3 months (Trend analysis).; Add passivator"
35,TR-401,EDP004301,GSPP11 PLT1,25,115,22,115/22,Distribution,31,83,Healthy,796,,A,Q,A,A,,A,A,,,,A,A,,,,Q,Q,A,A,A,A,A,A,A,A,,A,Q,A,A,A,,,,,,,,,2025,-,"[Active Part] Inspect core insulation & grounding | [Insulation Oil] Gas or Delta exceeds baseline (C2H2 increasing (Δ=2.0), C2H2 increasing rate (0.4 ppm/yr, level ≤ T2: 7)). Resample within 1 month, increase frequency to 1–3 months (Trend analysis).; Top up metal passivator (> 100 ppm); Passivator level depleting (18 ppm): Monitor passivator concentration"
35,TR-501,EDP018401,GSPP11 PLT1,25,115,22,115/22,Distribution,25,49,Critical,980,,A,A,,,A,A,A,,,,A,A,,,,U,U,A,A,A,A,A,A,A,A,,A,Q,A,A,A,,,,,,,,,2025,-,"[Urgent Action] <strong>Dissolve Gas Analysis (DGA)</strong>: Active fault detected (C2H6 rate (43.2 > T4: 9 ppm/yr & level > T2: 175), C2H6 level (464 > T2: 175)). Immediate fault investigation recommended. Perform Fault Identification (Duval/Rogers) & electrical diagnostic tests. (Measured: Critical (IEEE C57.104 Status 3: High Risk / Active Fault)) | [Insulation Oil] Top up metal passivator (> 100 ppm); Passivator level depleting (41 ppm): Monitor passivator concentration"
35,TR-601,PP0041B01,GSPP11 PLT1,20,115,22,115/22,Distribution,22,87,Healthy,905,,,,,,,,,,,,,,,,,Q,A,A,A,A,A,A,A,A,A,,A,Q,A,A,,,,,,,,,,2025,-,[Insulation Oil] Top up metal passivator (> 100 ppm); Passivator level depleting (7 ppm): Monitor passivator concentration
35,TR-40001,4700831,GSPP11 PLT1,2.5,22,0.4,22/0.4,Auxiliary,22,86,Healthy,937,,A,Q,Q,A,,A,Q,,,,A,A,,,,Q,Q,A,A,A,A,A,A,A,A,,A,A,A,A,,,,,,,,,,2025,-,"[Active Part] Monitor insulation dryness; Check LV winding resistance & connections; Low Polarization Index (PI = 1.15): Perform insulation drying process and moisture investigation | [Insulation Oil] Gas or Delta exceeds baseline (CO2 Δ (2609.0 > T3: 1750)). Resample within 1 month, increase frequency to 1–3 months (Trend analysis)."
35,TR-40002,4700830,GSPP11 PLT1,2.5,22,0.4,22/0.4,Auxiliary,22,80,Healthy,847,,A,Q,Q,A,,A,Q,,,,A,A,,,,Q,Q,A,A,A,A,A,A,A,A,,Q,A,A,A,,,,,,,,,,2025,-,"[Active Part] Monitor insulation dryness; Check LV winding resistance & connections; Low Polarization Index (PI = 1.12): Perform insulation drying process and moisture investigation | [Insulation Oil] Elevated cellulose degradation / paper aging detected (CO level (622 > T2: 600), CO2 level (12205 > T2: 8000)). Combustible gases (H2, CH4, C2H6, C2H4, C2H2) are normal. Recommend monitoring CO/CO2 trend, testing Furan/DP, and checking transformer operating temperature.; Add passivator"
35,GE-TR1 Aux.,O61539,GSPP11 PLT1,1.25,11,0.4,11/0.4,Auxiliary,20,100,Healthy,911,,,,,,,,,,,,,,,,,A,A,A,A,A,A,A,A,A,A,,A,A,A,A,,,,,,,,,,2023,-,"Normal Condition: All diagnostic tests, insulating oil properties, and visual inspections are within acceptable limits. The transformer is in normal operating condition. Perform routine inspection and preventive maintenance."
35,GE-TR2 Aux.,5710876,GSPP11 PLT1,0.63,11,0.4,11/0.4,Auxiliary,12,87,Healthy,1029,,,,,,,,,,,,,,,,,Q,A,A,A,A,A,A,A,A,A,,Q,Q,A,A,,,,,,,,,,2019,-,"[Insulation Oil] Add passivator; Corrosive sulfur detected (3B): Add/top-up metal passivator (Irgamet 39 > 100 ppm, currently 0 ppm)"
35,GSUT-1,PP0284B01,GSPP11 PLT2,90,115,11,115/11,GSUT,15,87,Healthy,,,,,,,,,,,,,,,,,,Q,Q,A,A,,,,,,,,,A,,,,,,,,,,,,2022,-,"[Insulation Oil] Gas or Delta exceeds baseline (CO rate (115.9 > T4: 100 ppm/yr, level ≤ T2: 1100)). Resample within 1 month, increase frequency to 1–3 months (Trend analysis)."
35,GSUT-2,PP0285B01,GSPP11 PLT2,55,115,11,115/11,GSUT,15,87,Healthy,,,,,,,,,,,,,,,,,,Q,Q,A,A,,,,,,,,,A,,,,,,,,,,,,2022,-,"[Insulation Oil] Gas or Delta exceeds baseline (C2H4 Δ (32.0 > T3: 20), C2H4 rate (13.1 > T4: 5 ppm/yr, level ≤ T2: 125)). Resample within 1 month, increase frequency to 1–3 months (Trend analysis)."
35,DT-3,56016,GSPP11 PLT2,50,115,22,115/22,Distribution,30,49,Critical,953,,A,A,A,A,A,A,A,,,,A,A,,,,U,U,A,A,A,A,A,A,A,A,,A,Q,A,A,A,,,,,,,,,2025,-,"[Urgent Action] <strong>Dissolve Gas Analysis (DGA)</strong>: Active fault detected (C2H6 rate (73.6 > T4: 9 ppm/yr & level > T2: 175), C2H6 level (485 > T2: 175)). Immediate fault investigation recommended. Perform Fault Identification (Duval/Rogers) & electrical diagnostic tests. (Measured: Critical (IEEE C57.104 Status 3: High Risk / Active Fault)) | [Insulation Oil] Top up metal passivator (> 100 ppm); Passivator level depleting (19 ppm): Monitor passivator concentration"
35,SST-1,54110640EE,GSPP11 PLT2,6.25,11,3.3,11/3.3,Auxiliary,15,87,Healthy,,,,,,,,,,,,,,,,,,Q,Q,A,A,,,,,,,,,A,,,,,,,,,,,,2022,-,"[Insulation Oil] Gas or Delta exceeds baseline (CO Δ (265.0 > T3: 250)). Resample within 1 month, increase frequency to 1–3 months (Trend analysis)."
35,SST-2,54110641EE,GSPP11 PLT2,6.25,11,3.3,11/3.3,Auxiliary,15,100,Healthy,,,,,,,,,,,,,,,,,,A,A,A,A,,,,,,,,,A,,,,,,,,,,,,2022,-,"Normal Condition: All diagnostic tests, insulating oil properties, and visual inspections are within acceptable limits. The transformer is in normal operating condition. Perform routine inspection and preventive maintenance."
35,SAT-1,54110621EE,GSPP11 PLT2,2.3,11,0.4,11/0.4,Auxiliary,15,87,Healthy,,,,,,,,,,,,,,,,,,Q,Q,A,A,,,,,,,,,A,,,,,,,,,,,,2022,-,"[Insulation Oil] Gas or Delta exceeds baseline (CO Δ (327.0 > T3: 250)). Resample within 1 month, increase frequency to 1–3 months (Trend analysis)."
35,SAT-2,54110620EE,GSPP11 PLT2,2.3,11,0.4,11/0.4,Auxiliary,15,100,Healthy,,,,,,,,,,,,,,,,,,A,A,A,A,,,,,,,,,A,,,,,,,,,,,,2022,-,"Normal Condition: All diagnostic tests, insulating oil properties, and visual inspections are within acceptable limits. The transformer is in normal operating condition. Perform routine inspection and preventive maintenance."
36,COGEN UAT,9624007,GSPP2&3,13.4,11.5,7.2,11.5/7.2,UAT,30,80,Healthy,880,,A,U,Q,A,U,A,A,,,,A,A,,,,Q,Q,A,A,A,A,A,A,A,A,,A,A,A,Q,A,,,,,,,,,2025,-,"[Urgent Action] <strong>Exciting Current</strong>: Investigate turn short / core damage immediately (Measured: H1: 62.2, H2: 134.3, H3: 135.1 mA<br>Pattern: L-H-H) | [Active Part] Monitor insulation dryness; Low Polarization Index (PI = 1.25): Perform insulation drying process and moisture investigation | [Insulation Oil] Elevated cellulose degradation / paper aging detected (CO rate (274.9 > T4: 100 ppm/yr & level > T2: 1100), CO level (1604 > T2: 1100)). Combustible gases (H2, CH4, C2H6, C2H4, C2H2) are normal. Recommend monitoring CO/CO2 trend, testing Furan/DP, and checking transformer operating temperature.; Inspect oil sludge"
37,STG3C UAT,5011858,GSPP2&3,20,15.75,7.2,15.75/7.2,UAT,18,93,Healthy,961,,A,A,A,A,A,A,A,,,,A,A,,,,Q,Q,A,A,A,A,A,A,A,A,,A,A,A,A,A,,,,,,,,,2025,-,"[Insulation Oil] Gas or Delta exceeds baseline (CO level (970 > T1: 900), CO2 level (11338 > T1: 10000)). Resample within 1 month, increase frequency to 1–3 months (Trend analysis)."
38,71BBT10 (CTG7A UAT),225307,GSPP2&3,8,11,6.9,11/6.9,UAT,3,88,Healthy,1117,,A,A,A,A,A,A,A,,,,A,A,,,,Q,Q,A,A,A,A,A,A,A,A,,Q,A,A,A,A,,,,,,,,,2025,-,"[Insulation Oil] Elevated cellulose degradation / paper aging detected (CO2 rate (1123390.7 > T4: 800 ppm/yr & level > T2: 5000), CO2 level (1183332 > T2: 5000)). Combustible gases (H2, CH4, C2H6, C2H4, C2H2) are normal. Recommend monitoring CO/CO2 trend, testing Furan/DP, and checking transformer operating temperature.; Add passivator"
39,72BBT10 (CTG7B UAT),225308,GSPP2&3,8,11,6.9,11/6.9,UAT,3,73,Monitor,1089,,,,,,,,,,,,,,,,,Q,Q,A,A,A,A,A,A,A,A,,Q,A,A,A,,,,,,,,,,2025,-,"[Insulation Oil] Gas or Delta exceeds baseline (CO rate (118.7 > T4: 80 ppm/yr, level ≤ T2: 600)). Resample within 1 month, increase frequency to 1–3 months (Trend analysis).; Add passivator"
40,STG1C UAT,9724074,GSPP2&3,22.4,15.75,7.2,15.75/7.2,UAT,28,83,Healthy,745,,A,U,A,U,U,A,A,,,,A,A,,,,Q,Q,A,A,A,A,A,A,A,A,,A,A,A,A,A,,,,,,,,,2025,-,"[Urgent Action] <strong>Exciting Current</strong>: Investigate turn short / core damage immediately (Measured: H1: 38.8, H2: 50.7, H3: 56.5 mA<br>Pattern: L-H-H) | <strong>Power Factor</strong>: Critical Power Factor - exceeds 1.0% service limit, investigate insulation breakdown (Measured: CH: 5.00%, CHL: 0.19%) | <strong>Capacitance</strong>: Check winding capacitance & deformation (Measured: CH %Dev: Infinity%, CHL %Dev: Infinity%) | <strong>Power Factor</strong>: Critical Power Factor - exceeds 1.0% service limit, investigate insulation breakdown (Measured: CL: 2.50%, CLH: 0.14%) | <strong>Capacitance</strong>: Check winding capacitance & deformation (Measured: CL %Dev: Infinity%, CLH %Dev: Infinity%) | [Insulation Oil] Elevated cellulose degradation / paper aging detected (CO rate (87.1 > T4: 80 ppm/yr & level > T2: 600), CO level (959 > T2: 600)). Combustible gases (H2, CH4, C2H6, C2H4, C2H2) are normal. Recommend monitoring CO/CO2 trend, testing Furan/DP, and checking transformer operating temperature."
41,STG2C UAT1,9724076,GSPP2&3,22.4,11.5,7.2,11.5/7.2,UAT,28,65,Warning,859,,Q,U,A,A,U,A,A,,,,Q,Q,,,,Q,Q,A,A,A,A,A,A,A,A,,A,A,A,A,Q,,,,,,,,,2025,-,"[Urgent Action] <strong>Exciting Current</strong>: Investigate turn short / core damage immediately (Measured: H1: 39.9, H2: 41.4, H3: 58.1 mA<br>Pattern: L-H-H) | [General Part] Plan visual maintenance / Repair defects; Plan visual maintenance & repair defects: Oil leak at HV cable box | [Insulation Oil] Elevated cellulose degradation / paper aging detected (CO rate (194.3 > T4: 100 ppm/yr & level > T2: 1100), CO level (1364 > T2: 1100)). Combustible gases (H2, CH4, C2H6, C2H4, C2H2) are normal. Recommend monitoring CO/CO2 trend, testing Furan/DP, and checking transformer operating temperature. | [Bushing] Plan visual maintenance / Repair defects | [Arrester] Plan visual maintenance / Repair defects | [OLTC] Plan visual maintenance / Repair defects"
42,STG2C UAT2,9724075,GSPP2&3,22.4,15.75,7.2,15.75/7.2,UAT,28,90,Healthy,917,,A,A,A,A,A,A,A,,,,A,A,,,,Q,Q,A,A,A,A,A,A,A,A,,A,A,A,A,A,,,,,,,,,2025,-,"[Insulation Oil] Elevated cellulose degradation / paper aging detected (CO rate (266.6 > T4: 100 ppm/yr & level > T2: 1100), CO level (2137 > T2: 1100)). Combustible gases (H2, CH4, C2H6, C2H4, C2H2) are normal. Recommend monitoring CO/CO2 trend, testing Furan/DP, and checking transformer operating temperature."
43,31BBT10 (CTG3A UAT),4711343,GSPP2&3,2,11.5,7.2,11.5/7.2,UAT,21,88,Healthy,970,,A,Q,A,A,Q,A,A,,,,A,A,,,,Q,Q,A,A,A,A,A,A,A,A,,A,A,A,A,A,,,,,,,,,2025,-,"[Active Part] Core demagnetization recommended | [Insulation Oil] Gas or Delta exceeds baseline (H2 level (95 > T1: 75)). Resample within 1 month, increase frequency to 1–3 months (Trend analysis)."
44,32BBT10 (CTG3B UAT),4612314,GSPP2&3,2,11.5,7.2,11.5/7.2,UAT,22,73,Monitor,1066,,Q,Q,A,A,Q,A,A,,,,Q,Q,,,,A,A,A,A,A,A,A,A,A,A,,A,A,A,A,Q,,,,,,,,,2025,-,[General Part] Plan visual maintenance / Repair defects | [Active Part] Core demagnetization recommended | [Bushing] Plan visual maintenance / Repair defects | [Arrester] Plan visual maintenance / Repair defects | [OLTC] Plan visual maintenance / Repair defects
45,51BBT01 (CTG5 GSUT),VN00408,GSPP2&3,20,20,6.9,20/6.9,UAT,17,89,Healthy,1003,,A,Q,A,Q,Q,A,A,,,,A,A,,,,Q,Q,A,A,A,A,A,A,A,A,,A,A,A,A,,,,,,,,,,2025,-,"[Active Part] Core demagnetization recommended; Check winding insulation & oil moisture (Mineral Oil < 230 kV: PF 0.5-0.7%) | [Insulation Oil] Gas or Delta exceeds baseline (CO level (1018 > T1: 900)). Resample within 1 month, increase frequency to 1–3 months (Trend analysis)."
46,COGEN GSUT (CTG1&2),9640548,GSPP2&3,90,118,11.5/11.5,118/11.5/11.5,GSUT,30,70,Monitor,781,,Q,A,A,A,,A,A,,,,Q,Q,,,,Q,Q,A,A,A,A,A,A,A,A,,A,A,A,,Q,,,,,,,,,2026,-,"[General Part] Plan visual maintenance / Repair defects; Plan visual maintenance & repair defects: Oil leaking at HV cable box | [Insulation Oil] Gas or Delta exceeds baseline (CO2 Δ (4510.0 > T3: 2500), CO2 rate (1829.4 > T4: 1000 ppm/yr, level ≤ T2: 14000)). Resample within 1 month, increase frequency to 1–3 months (Trend analysis). | [Bushing] Plan visual maintenance / Repair defects | [Arrester] Plan visual maintenance / Repair defects | [OLTC] Plan visual maintenance / Repair defects"
47,CTG1A&1B GSUT,9640549,GSPP2&3,90,118,11.5/11.5,118/11.5/11.5,GSUT,30,77,Monitor,785,,A,U,A,A,A,A,A,,,,A,A,,,,Q,Q,A,A,A,A,A,A,A,A,,Q,A,A,A,,,,,,,,,,2026,-,"[Urgent Action] <strong>Capacitance</strong>: Check winding capacitance & deformation (Measured: CL %Dev: 0.79%, CLT %Dev: 2306.91%) | [Insulation Oil] Gas or Delta exceeds baseline (CO2 rate (1858.9 > T4: 1000 ppm/yr, level ≤ T2: 14000)). Resample within 1 month, increase frequency to 1–3 months (Trend analysis).; Add passivator"
48,CTG2A&2B GSUT,57005,GSPP2&3,90,118,11.5/11.5,118/11.5/11.5,GSUT,29,83,Healthy,871,,A,U,A,A,,A,A,,,,A,A,,,,Q,A,A,A,A,Q,A,A,A,A,,A,A,A,A,,,,,,,,,,2026,-,"[Urgent Action] <strong>Capacitance</strong>: Check winding capacitance & deformation (Measured: CH %Dev: 203.34%, CHL %Dev: 73.86%) | <strong>Capacitance</strong>: Check winding capacitance & deformation (Measured: CL %Dev: 39.46%, CLT %Dev: 98.59%) | <strong>Capacitance</strong>: Check winding capacitance & deformation (Measured: CT %Dev: 48.05%, CTH %Dev: 97.74%) | [Insulation Oil] Check oil PF at 100C"
49,STG3C GSUT,5011857,GSPP2&3,155,118,15.75,118/15.75,GSUT,18,91,Healthy,930,,A,A,A,A,A,A,A,,,,A,A,,,,Q,Q,A,A,A,A,A,A,A,A,,A,A,A,A,,,,,,,,,,2026,-,"[Insulation Oil] Gas or Delta exceeds baseline (CO2 rate (1034.0 > T4: 1000 ppm/yr, level ≤ T2: 14000)). Resample within 1 month, increase frequency to 1–3 months (Trend analysis)."
50,71BAT10 (CTG7A GSUT),6512362,GSPP2&3,72,118,11,118/11,GSUT,3,88,Healthy,1089,,A,A,A,A,A,A,A,,,,A,A,,,,Q,Q,A,A,A,A,A,A,A,A,,Q,A,A,A,A,,,,,,,,,2025,-,"[Insulation Oil] Gas or Delta exceeds baseline (CO rate (198.0 > T4: 100 ppm/yr, level ≤ T2: 1100), CO2 rate (1321.4 > T4: 1000 ppm/yr, level ≤ T2: 7000)). Resample within 1 month, increase frequency to 1–3 months (Trend analysis).; Add passivator"
51,72BAT10 (CTG7B GSUT),6512363,GSPP2&3,72,118,11,118/11,GSUT,3,80,Healthy,1117,,A,U,A,A,U,A,A,,,,A,A,,,,Q,Q,A,A,A,A,A,A,A,A,,Q,A,A,A,A,,,,,,,,,2025,-,"[Urgent Action] <strong>Exciting Current</strong>: Investigate turn short / core damage immediately (Measured: H1: 4.4, H2: 5.4, H3: 6.8 mA<br>Pattern: L-H-H) | [Active Part] Low Polarization Index (PI = 1.27): Perform insulation drying process and moisture investigation | [Insulation Oil] Gas or Delta exceeds baseline (CO rate (206.4 > T4: 100 ppm/yr, level ≤ T2: 1100)). Resample within 1 month, increase frequency to 1–3 months (Trend analysis).; Add passivator"
52,STG1C GSUT,57011,GSPP2&3,215,118,15.75,118/15.75,GSUT,29,80,Healthy,620,,A,W,A,A,W,A,Q,,,,A,A,,,,Q,Q,A,A,A,A,A,A,A,A,,A,Q,A,A,,,,,,,,,,2026,-,"[Active Part] Check core grounding & perform FRA; Check HV winding resistance & DETC tap contacts at Tap Cen 15.39%; Check LV winding resistance & connections | [Insulation Oil] Gas or Delta exceeds baseline (CO level (540 > T1: 500)). Resample within 1 month, increase frequency to 1–3 months (Trend analysis).; Top up metal passivator (> 100 ppm); Passivator level depleting (8 ppm): Monitor passivator concentration"
53,STG2C GSUT,57012,GSPP2&3,215,118,15.75,118/15.75,GSUT,29,86,Healthy,917,,A,A,A,A,,A,A,,,,A,A,,,,Q,Q,A,A,A,A,A,A,A,A,,A,Q,A,A,,,,,,,,,,2026,-,"[Insulation Oil] Gas or Delta exceeds baseline (C2H6 rate (14.2 > T4: 9 ppm/yr, level ≤ T2: 175)). Resample within 1 month, increase frequency to 1–3 months (Trend analysis).; Top up metal passivator (> 100 ppm); Passivator level depleting (13 ppm): Monitor passivator concentration"
54,31BAT10 (CTG3A GSUT),PP0050B01,GSPP2&3,51.5,118,11.5,118/11.5,GSUT,21,83,Healthy,806,,A,W,A,A,W,A,A,,,,Q,A,,,,Q,A,A,A,A,A,A,A,A,A,,A,Q,A,A,A,,,,,,,,,2026,-,[Active Part] Check core grounding & perform FRA | [Insulation Oil] Top up metal passivator (> 100 ppm); Passivator level depleting (35 ppm): Monitor passivator concentration | [Bushing] Check HV Bushing Capacitance Change
55,32BAT10 (CTG3B GSUT),PP0016B01,GSPP2&3,51.5,118,11.5,118/11.5,GSUT,22,90,Healthy,930,,A,A,A,A,,A,A,,,,A,A,,,,Q,Q,A,A,A,A,A,A,A,A,,A,A,A,A,A,,,,,,,,,2026,-,"[Insulation Oil] Gas or Delta exceeds baseline (CH4 Δ (79.0 > T3: 30), C2H6 level (127 > T1: 90)). Resample within 1 month, increase frequency to 1–3 months (Trend analysis)."
56,50BAT10 (CTG5 GSUT),20083122TIC003,GSPP2&3,325,115,20,115/20,GSUT,16,73,Monitor,953,,Q,A,A,A,A,A,A,,,,Q,Q,,,,Q,A,A,A,A,A,A,A,A,A,,Q,A,A,A,Q,,,,,,,,,2026,-,[General Part] Plan visual maintenance / Repair defects; Plan visual maintenance & repair defects: Oil leaking at HV bushing phase A | [Insulation Oil] Add passivator | [Bushing] Plan visual maintenance / Repair defects | [Arrester] Plan visual maintenance / Repair defects | [OLTC] Plan visual maintenance / Repair defects
57,52BAT01 (STG5 GSUT),20083122TIC008,GSPP2&3,175,115,15.75,115/15.75,GSUT,16,95,Healthy,980,,A,A,A,A,A,A,A,,,,A,A,,,,A,A,A,A,A,A,A,A,A,A,,A,A,A,A,A,,,,,,,,,2026,-,"Normal Condition: All diagnostic tests, insulating oil properties, and visual inspections are within acceptable limits. The transformer is in normal operating condition. Perform routine inspection and preventive maintenance."
58,KT2A,510049,GSPP2&3,200,230,121,230/121,Distribution,15,75,Monitor,980,,Q,A,A,A,A,A,A,,,,Q,Q,,,,A,A,A,A,A,A,A,A,A,A,,A,A,A,A,Q,,,,,,,,,2026,-,[General Part] Plan visual maintenance / Repair defects; Plan visual maintenance & repair defects: Oil leaking at tap changer | [Bushing] Plan visual maintenance / Repair defects | [Arrester] Plan visual maintenance / Repair defects; Check HV Arrester Watt Loss | [OLTC] Plan visual maintenance / Repair defects
59,KT4A,PTE 1689/01,GSPP2&3,200,230,121,230/121,Distribution,28,85,Healthy,1066,,A,A,A,A,A,A,A,,,,A,U,,,,A,A,A,A,A,A,A,A,A,A,,A,A,A,A,A,,,,,,,,,2026,-,"[Urgent Action] <strong>Watt Loss (%Error from FAT/Oldest)</strong>: Check HV Arrester Watt Loss (Measured: H1: 344.85 W, H2: 301.44 W, H3: 240.42 W) | <strong>Watt Loss (%Error from FAT/Oldest)</strong>: Check LV Arrester Watt Loss (Measured: X1: 943.60 W, X2: 340.28 W, X3: 443.23 W)"
60,KT5A,PTE 1689/02,GSPP2&3,200,230,121,230/121,Distribution,28,90,Healthy,1066,,A,Q,A,Q,A,A,A,,,,Q,A,,,,A,A,A,A,A,A,A,A,A,A,,A,A,A,A,A,,,,,,,,,2026,-,[Active Part] Check winding insulation & oil moisture (Mineral Oil ≥ 230 kV: PF 0.4-0.6%) | [Bushing] Check HV Bushing Capacitance Change; Check LV Bushing Capacitance Change
61,KT6A,PTE 1689/03,GSPP2&3,200,230,121,230/121,Distribution,28,85,Healthy,970,,A,A,A,A,A,A,A,,,,A,U,,,,A,A,A,A,A,A,A,A,A,A,,A,A,A,A,A,,,,,,,,,2026,-,"[Urgent Action] <strong>Watt Loss (%Error from FAT/Oldest)</strong>: Check LV Arrester Watt Loss (Measured: X1: 1347.44 W, X2: 794.15 W, X3: 243.73 W)"
62,KT7A,PTE 1689/04,GSPP2&3,200,230,121,230/121,Distribution,28,73,Monitor,917,,Q,A,A,A,A,A,A,,,,Q,U,,,,A,A,A,A,A,A,A,A,A,A,,A,A,A,A,Q,,,,,,,,,2026,-,"[Urgent Action] <strong>Watt Loss (%Error from FAT/Oldest)</strong>: Check HV Arrester Watt Loss (Measured: H1: 260.63 W, H2: 195.24 W, H3: 1214.51 W) | <strong>Watt Loss (%Error from FAT/Oldest)</strong>: Check LV Arrester Watt Loss (Measured: X1: 214.89 W, X2: 220.08 W, X3: 207.04 W) | [General Part] Plan visual maintenance / Repair defects | [Bushing] Plan visual maintenance / Repair defects | [Arrester] Plan visual maintenance / Repair defects | [OLTC] Plan visual maintenance / Repair defects"
63,KT12A,EDP008001,GSPP2&3,50,112.5,23,112.5/23,Distribution,30,75,Monitor,961,,A,A,A,A,A,A,A,,,,W,U,,,,Q,A,A,A,A,A,A,A,A,A,,Q,Q,A,A,A,,,,,,,,,2026,-,"[Urgent Action] <strong>Watt Loss (%Error from FAT/Oldest)</strong>: Check HV Arrester Watt Loss (Measured: H1: 270.87 W, H2: 304.40 W, H3: 386.69 W) | [Insulation Oil] Add passivator; Corrosive sulfur detected (3b): Add/top-up metal passivator (Irgamet 39 > 100 ppm, currently 0 ppm) | [Bushing] Check LV Bushing Power Factor"
64,KT13A,EDP011601,GSPP2&3,50,112.5,23,112.5/23,Distribution,28,75,Monitor,953,,A,A,A,A,A,A,A,,,,W,U,,,,Q,Q,A,A,A,A,A,A,A,A,,A,A,A,A,A,,,,,,,,,2026,-,"[Urgent Action] <strong>Watt Loss (%Error from FAT/Oldest)</strong>: Check HV Arrester Watt Loss (Measured: H1: 305.17 W, H2: 308.65 W, H3: 313.91 W) | [Insulation Oil] Gas or Delta exceeds baseline (CO Δ (380.0 > T3: 250), CO2 rate (1080.6 > T4: 1000 ppm/yr, level ≤ T2: 14000)). Resample within 1 month, increase frequency to 1–3 months (Trend analysis). | [Bushing] Check LV Bushing Power Factor"
65,KT14A,512033,GSPP2&3,50,112.5,23,112.5/23,Distribution,14,78,Monitor,1066,,A,A,A,A,A,A,A,,,,U,Q,,,,Q,A,A,A,A,A,A,A,A,A,,Q,A,A,A,A,,,,,,,,,2026,-,[Urgent Action] <strong>Power Factor</strong>: Check LV Bushing Power Factor (Measured: X1: 1.59%) | [Insulation Oil] Add passivator | [Arrester] Check HV Arrester Watt Loss
66,CTG1 Aux.,PBE0580,GSPP2&3,1.15,11.5,0.4,11.5/0.4,Auxiliary,30,83,Healthy,,,A,Q,A,A,Q,A,Q,,,,A,A,,,,Q,Q,A,A,A,A,A,A,A,A,,Q,Q,A,A,,,,,,,,,,2021,-,"[Active Part] Core demagnetization recommended; Check LV winding resistance & connections | [Insulation Oil] Gas or Delta exceeds baseline (CH4 Δ (34.0 > T3: 30), C2H6 level (103 > T1: 90)). Resample within 1 month, increase frequency to 1–3 months (Trend analysis).; Add passivator; Corrosive sulfur detected (3B): Add/top-up metal passivator (Irgamet 39 > 100 ppm, currently 0 ppm)"
67,CTG2 Aux.,PBE0579,GSPP2&3,1.15,11.5,0.4,11.5/0.4,Auxiliary,29,89,Healthy,,,A,Q,A,A,Q,A,Q,,,,A,A,,,,Q,Q,A,A,A,A,A,A,A,A,,A,A,A,A,,,,,,,,,,2021,-,"[Active Part] Core demagnetization recommended; Check LV winding resistance & connections | [Insulation Oil] Gas or Delta exceeds baseline (CH4 Δ (31.0 > T3: 30), C2H6 level (104 > T1: 90)). Resample within 1 month, increase frequency to 1–3 months (Trend analysis).; Low interfacial tension (0 mN/m): Plan oil reclaiming"
68,COGEN SUS11,243597801,GSPP2&3,2,6.9,0.4,6.9/0.4,Auxiliary,30,60,Warning,,,Q,Q,A,Q,A,A,A,,,,Q,Q,,,,,,,,,,,,,,,,,,,,,,,,,,,,2021,-,[General Part] Plan visual maintenance / Repair defects | [Active Part] Check winding insulation & oil moisture (Mineral Oil < 230 kV: PF 0.5-0.7%) | [Bushing] Plan visual maintenance / Repair defects | [Arrester] Plan visual maintenance / Repair defects
69,COGEN SUS12,243597802,GSPP2&3,2,6.9,0.4,6.9/0.4,Auxiliary,29,60,Warning,,,Q,Q,A,Q,A,A,Q,,,,Q,Q,,,,,,,,,,,,,,,,,,,,,,,,,,,,2021,-,[General Part] Plan visual maintenance / Repair defects | [Active Part] Check winding insulation & oil moisture (Mineral Oil < 230 kV: PF 0.5-0.7%); Check LV winding resistance & connections | [Bushing] Plan visual maintenance / Repair defects | [Arrester] Plan visual maintenance / Repair defects
70,CTG1A Aux.,PBJ1200,GSPP2&3,1.15,11.5,0.4,11.5/0.4,Auxiliary,30,83,Healthy,,,A,U,A,A,U,A,Q,,,,A,A,,,,Q,Q,A,A,A,A,A,A,A,A,,A,A,A,A,A,,,,,,,,,2025,-,"[Urgent Action] <strong>Exciting Current</strong>: Investigate turn short / core damage immediately (Measured: H1: 3.9, H2: 4.6, H3: 5.5 mA<br>Pattern: L-H-H) | [Active Part] Check HV winding resistance & DETC tap contacts at Tap Cen 6.79%; Check LV winding resistance & connections | [Insulation Oil] Gas or Delta exceeds baseline (C2H4 Δ (23.0 > T3: 20), CO Δ (494.0 > T3: 250)). Resample within 1 month, increase frequency to 1–3 months (Trend analysis)."
71,CTG1B Aux.,PBJ1198,GSPP2&3,1.15,11.5,0.4,11.5/0.4,Auxiliary,30,91,Healthy,1047,,A,W,A,A,W,A,Q,,,,A,A,,,,A,A,A,A,A,A,A,A,A,A,,A,A,A,A,,,,,,,,,,2025,-,[Active Part] Check core grounding & perform FRA; Check LV winding resistance & connections
72,CTG2A Aux.,PBK1325,GSPP2&3,1.15,11.5,0.4,11.5/0.4,Auxiliary,29,80,Healthy,,,A,U,A,A,U,A,Q,,,,A,A,,,,Q,Q,,,,,,,,,,,A,,,,,,,,,,,,2025,-,"[Urgent Action] <strong>Exciting Current</strong>: Investigate turn short / core damage immediately (Measured: H1: 4.3, H2: 4.7, H3: 6.9 mA<br>Pattern: L-H-H) | [Active Part] Check LV winding resistance & connections | [Insulation Oil] Gas or Delta exceeds baseline (CO Δ (295.0 > T3: 250)). Resample within 1 month, increase frequency to 1–3 months (Trend analysis)."
73,CTG2B Aux.,PBL1465,GSPP2&3,1.15,11.5,0.4,11.5/0.4,Auxiliary,29,86,Healthy,674,,A,U,A,A,U,A,Q,,,,A,A,,,,A,A,A,A,A,A,A,A,A,A,,A,A,A,A,,,,,,,,,,2025,-,"[Urgent Action] <strong>Exciting Current</strong>: Investigate turn short / core damage immediately (Measured: H1: 5.4, H2: 5.9, H3: 8.6 mA<br>Pattern: L-H-H) | [Active Part] Check winding capacitance & deformation; Check LV winding resistance & connections"
74,KW1A,3911888,GSPP2&3,0.5,22,0.4,22/0.4,Auxiliary,30,77,Monitor,917,,Q,A,A,A,A,A,A,,,,Q,Q,,,,A,A,A,A,A,A,A,A,A,A,,A,A,A,A,,,,,,,,,,2025,-,[General Part] Plan visual maintenance / Repair defects; Plan visual maintenance & repair defects: Oil leaked at bushing | [Bushing] Plan visual maintenance / Repair defects | [Arrester] Plan visual maintenance / Repair defects
75,KW2A,4010922,GSPP2&3,0.5,22,0.4,22/0.4,Auxiliary,28,66,Warning,991,,Q,W,A,A,W,A,A,,,,Q,Q,,,,Q,Q,A,A,A,A,A,A,A,A,,A,A,A,A,,,,,,,,,,2026,-,"[General Part] Plan visual maintenance / Repair defects | [Active Part] Check core grounding & perform FRA; Low Polarization Index (PI = 1.28): Perform insulation drying process and moisture investigation | [Insulation Oil] Elevated cellulose degradation / paper aging detected (CO rate (102.8 > T4: 80 ppm/yr & level > T2: 600), CO level (786 > T2: 600)). Combustible gases (H2, CH4, C2H6, C2H4, C2H2) are normal. Recommend monitoring CO/CO2 trend, testing Furan/DP, and checking transformer operating temperature. | [Bushing] Plan visual maintenance / Repair defects | [Arrester] Plan visual maintenance / Repair defects"
76,KW3A,4010291,GSPP2&3,0.5,22,0.4,22/0.4,Auxiliary,28,89,Healthy,709,,A,Q,Q,A,A,A,A,,,,A,A,,,,A,A,A,A,A,A,A,A,A,A,,A,A,A,A,,,,,,,,,,2026,-,[Active Part] Monitor insulation dryness; Low Polarization Index (PI = 1.17): Perform insulation drying process and moisture investigation
77,KW4A,4010290,GSPP2&3,0.5,22,0.4,22/0.4,Auxiliary,28,94,Healthy,755,,A,Q,Q,A,A,A,A,,,,A,A,,,,A,A,A,A,A,A,A,A,A,A,,A,A,A,A,,,,,,,,,,2026,-,[Active Part] Monitor insulation dryness; Low Polarization Index (PI = 1.19): Perform insulation drying process and moisture investigation
78,KW5A,5513260,GSPP2&3,0.5,22,0.4,22/0.4,Auxiliary,13,89,Healthy,1066,,A,Q,Q,A,A,A,Q,,,,A,A,,,,Q,Q,A,A,A,A,A,A,A,A,,A,A,A,A,,,,,,,,,,2026,-,"[Active Part] Monitor insulation dryness; Check LV winding resistance & connections; Low Polarization Index (PI = 1.18): Perform insulation drying process and moisture investigation | [Insulation Oil] Gas or Delta exceeds baseline (CO2 level (6508 > T1: 5500), CO2 rate (1004.4 > T4: 800 ppm/yr, level ≤ T2: 8000)). Resample within 1 month, increase frequency to 1–3 months (Trend analysis)."
79,TR-103 (WTP SST),53105200EE,GSPP2&3,0.4,22,0.4,22/0.4,Auxiliary,16,80,Healthy,1016,,Q,,,,,,,,,,Q,Q,,,,A,A,A,A,A,A,A,A,A,A,,A,A,A,A,,,,,,,,,,2025,-,[General Part] Plan visual maintenance / Repair defects; Plan visual maintenance & repair defects: Oil leak at LV bushing | [Bushing] Plan visual maintenance / Repair defects | [Arrester] Plan visual maintenance / Repair defects
80,Admin Building SST,48310781,GSPP2&3,0.5,22,0.4,22/0.4,Auxiliary,21,91,Healthy,730,,A,A,A,A,,A,A,,,,A,A,,,,Q,Q,A,A,A,A,A,A,A,A,,A,A,A,A,,,,,,,,,,2025,-,"[Insulation Oil] Elevated cellulose degradation / paper aging detected (CO2 level (15155 > T2: 14000)). Combustible gases (H2, CH4, C2H6, C2H4, C2H2) are normal. Recommend monitoring CO/CO2 trend, testing Furan/DP, and checking transformer operating temperature."
81,70BFT10 (CTG7A Aux.),225309,GSPP2&3,1.5,6.6,0.4,6.6/0.4,Auxiliary,3,80,Healthy,1117,,A,W,A,A,A,A,A,,,,A,A,,,,Q,Q,A,A,A,A,A,A,A,A,,Q,A,A,A,,,,,,,,,,2025,-,"[Active Part] Check winding capacitance & deformation | [Insulation Oil] Gas or Delta exceeds baseline (CO level (534 > T1: 500)). Resample within 1 month, increase frequency to 1–3 months (Trend analysis).; Add passivator"
82,70BFT20 (CTG7B Aux.),225310,GSPP2&3,1.5,6.6,0.4,6.6/0.4,Auxiliary,3,86,Healthy,1152,,A,A,A,,A,A,A,,,,A,A,,,,Q,Q,A,A,A,A,A,A,A,A,,Q,A,A,A,,,,,,,,,,2025,-,"[Insulation Oil] Gas or Delta exceeds baseline (H2 level (67 > T1: 40), CO level (535 > T1: 500)). Resample within 1 month, increase frequency to 1–3 months (Trend analysis).; Add passivator"
83,71BFT30 (Starting Transformer),E54623,GSPP2&3,1.25,6.6,0.69,6.6/0.69,Auxiliary,-,,,,,,,,,,,,,,,,,,,,,,,,,,,,,,,,,,,,,,,,,,,,,-,"Normal Condition: All diagnostic tests, insulating oil properties, and visual inspections are within acceptable limits. The transformer is in normal operating condition. Perform routine inspection and preventive maintenance."
84,72BFT30 (Starting Transformer),E54624,GSPP2&3,1.25,6.6,0.69,6.6/0.69,Auxiliary,-,,,,,,,,,,,,,,,,,,,,,,,,,,,,,,,,,,,,,,,,,,,,,-,"Normal Condition: All diagnostic tests, insulating oil properties, and visual inspections are within acceptable limits. The transformer is in normal operating condition. Perform routine inspection and preventive maintenance."
85,TR-1 (Coal Handling),4104759,GSPP2&3,6,22,7.2,22/7.2,Auxiliary,28,73,Monitor,1117,,Q,,,,,,,,,,Q,Q,,,,Q,A,A,A,A,A,A,A,A,A,,Q,A,A,A,,,,,,,,,,2025,-,"[General Part] Plan visual maintenance / Repair defects; Plan visual maintenance & repair defects: Oil leak at Radiator valve., Oil leak at Buccholz relay. | [Insulation Oil] Add passivator | [Bushing] Plan visual maintenance / Repair defects | [Arrester] Plan visual maintenance / Repair defects"
86,TR-2 (Coal Handling),4104758,GSPP2&3,6,22,7.2,22/7.2,Auxiliary,28,87,Healthy,789,,A,,,,,,,,,,A,A,,,,Q,Q,A,A,A,A,A,A,Q,A,,A,A,A,A,,,,,,,,,,2025,-,"[Insulation Oil] Gas or Delta exceeds baseline (CO2 Δ (1761.0 > T3: 1750)). Resample within 1 month, increase frequency to 1–3 months (Trend analysis).; Check acidity"
87,TR-3 (Coal Handling),4104077,GSPP2&3,1.6,6.9,0.4,6.9/0.4,Auxiliary,28,67,Warning,980,,Q,,,,,,,,,,Q,Q,,,,Q,Q,A,A,A,A,A,A,A,A,,Q,A,A,Q,,,,,,,,,,2025,-,"[General Part] Plan visual maintenance / Repair defects; Plan visual maintenance & repair defects: Oil leaked at cover of main tank, Oil leaked at LV bushing, oil leak at HV bushing | [Insulation Oil] Gas or Delta exceeds baseline (CO Δ (299.0 > T3: 175), CO2 Δ (2856.0 > T3: 1750)). Resample within 1 month, increase frequency to 1–3 months (Trend analysis).; Inspect oil sludge; Add passivator | [Bushing] Plan visual maintenance / Repair defects | [Arrester] Plan visual maintenance / Repair defects"
88,TR-4 (Coal Handling),4104453,GSPP2&3,1.6,6.9,0.4,6.9/0.4,Auxiliary,28,67,Warning,678,,Q,,,,,,,,,,Q,Q,,,,Q,Q,A,A,A,A,A,A,A,A,,A,A,A,A,,,,,,,,,,2025,-,"[General Part] Plan visual maintenance / Repair defects; Plan visual maintenance & repair defects: Oil leak at HV, LV bushing, Oil leak cover main tank, Oil leak Pressure relief, Oil level low | [Insulation Oil] Gas or Delta exceeds baseline (CO2 level (6922 > T1: 5500), CO2 Δ (1948.0 > T3: 1750)). Resample within 1 month, increase frequency to 1–3 months (Trend analysis). | [Bushing] Plan visual maintenance / Repair defects | [Arrester] Plan visual maintenance / Repair defects"
89,TR-5 (Coal Handling),xx,GSPP2&3,1.6,6.9,0.4,6.9/0.4,Auxiliary,-,,,,,,,,,,,,,,,,,,,,,,,,,,,,,,,,,,,,,,,,,,,,,-,"Normal Condition: All diagnostic tests, insulating oil properties, and visual inspections are within acceptable limits. The transformer is in normal operating condition. Perform routine inspection and preventive maintenance."
90,1APC-XF-24 (Block1 SUS24),PCL1429,GSPP2&3,0.862,6.9,0.4,6.9/0.4,Auxiliary,27,49,Critical,1016,,Q,,,,,,,,,,Q,Q,,,,U,U,A,A,A,Q,A,A,A,A,,A,A,A,A,,,,,,,,,,2025,-,"[Urgent Action] <strong>Dissolve Gas Analysis (DGA)</strong>: Active fault detected (CH4 rate (26.5 > T4: 10 ppm/yr & level > T2: 150), CH4 level (262 > T2: 150)). Immediate fault investigation recommended. Perform Fault Identification (Duval/Rogers) & electrical diagnostic tests. (Measured: Critical (IEEE C57.104 Status 3: High Risk / Active Fault)) | [General Part] Plan visual maintenance / Repair defects; Plan visual maintenance & repair defects: Oil leak at oil level, Main tank and radiator become rusty | [Insulation Oil] Check oil PF at 100C; Low interfacial tension (20.3 mN/m): Plan oil reclaiming; High oil conductivity (215 pS/m): Perform oil reclaiming / degumming | [Bushing] Plan visual maintenance / Repair defects | [Arrester] Plan visual maintenance / Repair defects"
91,2APC-XF-24 (Block2 SUS24),PCD0277,GSPP2&3,0.862,6.9,0.4,6.9/0.4,Auxiliary,18,79,Monitor,974,,A,,,,,,,,,,A,A,,,,Q,A,Q,A,A,A,A,A,A,A,,A,A,A,A,,,,,,,,,,2021,-,[Insulation Oil] Monitor water content
92,Coal Harbor Tower 1,K757927,GSPP2&3,0.8,6.9,0.4,6.9/0.4,Auxiliary,25,100,Healthy,,,A,,,,,,,,,,A,A,,,,A,A,A,,,,,,,,,,A,,,,,,,,,,,,2021,-,"Normal Condition: All diagnostic tests, insulating oil properties, and visual inspections are within acceptable limits. The transformer is in normal operating condition. Perform routine inspection and preventive maintenance."
93,Coal Harbor Tower 2,K757926,GSPP2&3,1,6.9,0.4,6.9/0.4,Auxiliary,25,100,Healthy,,,A,,,,,,,,,,A,A,,,,A,A,A,,,,,,,,,,A,,,,,,,,,,,,2021,-,"Normal Condition: All diagnostic tests, insulating oil properties, and visual inspections are within acceptable limits. The transformer is in normal operating condition. Perform routine inspection and preventive maintenance."
94,1APC-XF-11 (Block1 SUS11),332162H5018727A,GSPP2&3,2.882,6.9,0.4,6.9/0.4,Auxiliary,29,88,Healthy,,,A,W,A,W,A,A,A,,,,A,A,,,,,,,,,,,,,,,,,,,A,,,,,,,,,2021,-,[Active Part] High Power Factor - recondition or dry out insulation (Mineral Oil < 230 kV: PF 0.7-1.0%)
95,1APC-XF-12 (Block1 SUS12),332162H501_8727B,GSPP2&3,2.882,6.9,0.4,6.9/0.4,Auxiliary,29,85,Healthy,,,A,W,A,W,A,A,W,,,,A,A,,,,,,,,,,,,,,,,,,,,,,,,,,,,2021,-,[Active Part] High Power Factor - recondition or dry out insulation (Mineral Oil < 230 kV: PF 0.7-1.0%); Check winding capacitance & deformation; Check LV winding resistance & connections
96,1APC-XF-21 (Block1 SUS21),332162H501_8727E,GSPP2&3,2.882,6.9,0.4,6.9/0.4,Auxiliary,29,85,Healthy,,,A,W,A,Q,A,A,Q,,,,A,A,,,,,,,,,,,,,,,,,,,,,,,,,,,,2021,-,[Active Part] Check winding insulation & oil moisture (Mineral Oil < 230 kV: PF 0.5-0.7%); Check winding capacitance & deformation; Check LV winding resistance & connections
97,1APC-XF-22 (Block1 SUS22),332162H502_8727F,GSPP2&3,2.882,6.9,0.4,6.9/0.4,Auxiliary,29,85,Healthy,,,A,W,A,Q,A,A,W,,,,A,A,,,,,,,,,,,,,,,,,,,,,,,,,,,,2021,-,[Active Part] Check winding insulation & oil moisture (Mineral Oil < 230 kV: PF 0.5-0.7%); Check LV winding resistance & connections
98,1APC-XF-23 (Block1 SUS23),331000H509_8727J,GSPP2&3,1.333,6.9,0.4,6.9/0.4,Auxiliary,29,80,Healthy,,,A,U,A,U,,A,Q,,,,A,A,,,,,,,,,,,,,,,,,,,,,,,,,,,,2021,-,"[Urgent Action] <strong>Power Factor</strong>: Critical Power Factor - exceeds 1.0% service limit, investigate insulation breakdown (Measured: CH: 1.27%, CHL: 0.71%) | [Active Part] Check LV winding resistance & connections"
99,2APC-XF-11 (Block2 SUS11),332152H501_8727C,GSPP2&3,2.882,6.9,0.4,6.9/0.4,Auxiliary,29,85,Healthy,,,A,W,A,Q,,A,W,,,,A,A,,,,,,,,,,,,,,,,,,,,,,,,,,,,2021,-,[Active Part] Check winding insulation & oil moisture (Mineral Oil < 230 kV: PF 0.5-0.7%); Check winding capacitance & deformation; Check LV winding resistance & connections
100,2APC-XF-12 (Block2 SUS12),331000H508_8727I,GSPP2&3,2.882,6.9,0.4,6.9/0.4,Auxiliary,29,80,Healthy,,,A,U,A,A,U,A,A,,,,A,A,,,,,,,,,,,,,,,,,,,,,,,,,,,,2021,-,"[Urgent Action] <strong>Exciting Current</strong>: Investigate turn short / core damage immediately (Measured: H1: 24.3, H2: 24.2, H3: 36.9 mA (Tap 2-3)<br>Pattern: H-L-H)"
101,2APC-XF-21 (Block2 SUS21),332162H501_8727D,GSPP2&3,2.882,6.9,0.4,6.9/0.4,Auxiliary,29,85,Healthy,,,A,W,A,Q,A,A,A,,,,A,A,,,,,,,,,,,,,,,,,,,,,,,,,,,,2021,-,[Active Part] Check winding insulation & oil moisture (Mineral Oil < 230 kV: PF 0.5-0.7%); Check winding capacitance & deformation; Low Polarization Index (PI = 1.26): Perform insulation drying process and moisture investigation
102,2APC-XF-22 (Block2 SUS22),332162H502_8727G,GSPP2&3,2.882,6.9,0.4,6.9/0.4,Auxiliary,29,80,Healthy,,,A,U,A,Q,,A,Q,,,,A,A,,,,,,,,,,,,,,,,,,,,,,,,,,,,2021,-,"[Urgent Action] <strong>Capacitance</strong>: Check winding capacitance & deformation (Measured: CH %Dev: 27.29%, CHL %Dev: 6.19%) | [Active Part] Check winding insulation & oil moisture (Mineral Oil < 230 kV: PF 0.5-0.7%); Check LV winding resistance & connections"
103,2APC-XF-23  (Block2 SUS23),332162H502_8727H,GSPP2&3,1.333,6.9,0.4,6.9/0.4,Auxiliary,29,80,Healthy,,,A,U,A,W,A,A,U,,,,A,A,,,,,,,,,,,,,,,,,,,,,,,,,,,,2021,-,[Urgent Action] <strong>LV Winding Resistance</strong>: Check LV winding resistance & connections (Measured: Phase: 25.93%<br>FAT: 44.80%) | [Active Part] High Power Factor - recondition or dry out insulation (Mineral Oil < 230 kV: PF 0.7-1.0%)
104,CFB3 SUS11,VN85030801_1,GSPP2&3,2.5,6.9,0.4,6.9/0.4,Auxiliary,18,90,Healthy,,,A,Q,Q,A,A,A,Q,,,,A,A,,,,,,,,,,,,,,,,,,,,,,,,,,,,2021,-,[Active Part] Check HV winding resistance & DETC tap contacts at Tap 3-5 2.26%; Monitor insulation dryness; Check LV winding resistance & connections; Low Polarization Index (PI = 1.11): Perform insulation drying process and moisture investigation
105,CFB3 SUS12,VN85030801_2,GSPP2&3,2.5,6.9,0.4,6.9/0.4,Auxiliary,18,90,Healthy,,,A,Q,A,A,Q,A,Q,,,,A,A,,,,,,,,,,,,,,,,,,,,,,,,,,,,2021,-,[Active Part] Core demagnetization recommended; Check HV winding resistance & DETC tap contacts; Check LV winding resistance & connections
106,Wharehouse SST,FC203816,GSPP2&3,1.6,6.9,0.4,6.9/0.4,Auxiliary,17,83,Healthy,,,A,A,A,A,A,A,A,,,,A,A,,,,Q,Q,A,A,A,A,A,A,A,A,,Q,A,A,A,,,,,,,,,,2021,-,"[Insulation Oil] Elevated cellulose degradation / paper aging detected (CO level (1161 > T2: 1100)). Combustible gases (H2, CH4, C2H6, C2H4, C2H2) are normal. Recommend monitoring CO/CO2 trend, testing Furan/DP, and checking transformer operating temperature.; Add passivator"
107,51BFT11 (CTG5 SUS11),1LKR091730,GSPP2&3,3.325,6.9,0.4,6.9/0.4,Auxiliary,17,80,Healthy,,,A,U,A,A,W,A,A,,,,A,A,,,,,,,,,,,,,,,,,,,,,,,,,,,,2021,-,"[Urgent Action] <strong>Capacitance</strong>: Check winding capacitance & deformation (Measured: CH %Dev: 19.22%, CHL %Dev: 2.42%) | [Active Part] Check core grounding & perform FRA"
108,51BFT12 (CTG5 SUS12),1LKR091729,GSPP2&3,3.325,6.9,0.4,6.9/0.4,Auxiliary,17,80,Healthy,,,A,U,A,A,A,A,A,,,,A,A,,,,,,,,,,,,,,,,,,,,,,,,,,,,2021,-,"[Urgent Action] <strong>Capacitance</strong>: Check winding capacitance & deformation (Measured: CH %Dev: 11.01%, CHL %Dev: 2.96%)"
109,51BFT13 (Electrochlorination Plant),1LKR091731,GSPP2&3,0.4,6.9,0.4,6.9/0.4,Auxiliary,17,100,Healthy,,,A,,,,,,,,,,A,A,,,,,,,,,,,,,,,,,,,,,,,,,,,,2021,-,"Normal Condition: All diagnostic tests, insulating oil properties, and visual inspections are within acceptable limits. The transformer is in normal operating condition. Perform routine inspection and preventive maintenance."
110,31BFT10 (CTG3A SUS),1LKR050450TER,GSPP2&3,1,6.9,0.4,6.9/0.4,Auxiliary,21,95,Healthy,,,A,A,A,A,A,A,A,,,,A,A,,,,,,,,,,,,,,,,,,,,,,,,,,,,2021,-,"Normal Condition: All diagnostic tests, insulating oil properties, and visual inspections are within acceptable limits. The transformer is in normal operating condition. Perform routine inspection and preventive maintenance."
111,32BFT10 (CTG3B SUS),1LKR040038TER,GSPP2&3,1,6.9,0.4,6.9/0.4,Auxiliary,22,95,Healthy,,,A,A,A,A,A,A,A,,,,A,A,,,,,,,,,,,,,,,,,,,,,,,,,,,,2021,-,"Normal Condition: All diagnostic tests, insulating oil properties, and visual inspections are within acceptable limits. The transformer is in normal operating condition. Perform routine inspection and preventive maintenance."
112,REC-TR1 (Rectifier),6210508,GSPP2&3,0.8,6.9,0.077,6.9/0.077,Auxiliary,-,80,Healthy,1003,,,,,,,,,,,,,,,,,Q,A,A,A,A,Q,A,A,A,A,,A,A,A,A,,,,,,,,,,2023,-,[Insulation Oil] Check oil PF at 100C
113,REC-TR2 (Rectifier),6210509,GSPP2&3,0.8,6.9,0.077,6.9/0.077,Auxiliary,-,49,Critical,900,,,,,,,,,,,,,,,,,U,A,Q,U,A,Q,A,A,A,A,,A,A,A,A,,,,,,,,,,2023,-,[Urgent Action] <strong>Dielectric Breakdown</strong>: Plan oil filtration (Min 40 kV) (Measured: 27 kV) | [Insulation Oil] Monitor water content; Check oil PF at 100C; Low interfacial tension (17 mN/m): Plan oil reclaiming
114,50MBJ01 (CTG5 SFC),K810289,GSPP2&3,2.9,6.9,1.8,6.9/1.8,Auxiliary,16,80,Healthy,,,A,U,A,U,,A,A,,,,A,A,,,,,,,,,,,,,,,,,,,,,,,,,,,,2021,-,"[Urgent Action] <strong>Power Factor</strong>: Critical Power Factor - exceeds 1.0% service limit, investigate insulation breakdown (Measured: CH: 4.01%, CHL: 0.05%) | <strong>Power Factor</strong>: Critical Power Factor - exceeds 1.0% service limit, investigate insulation breakdown (Measured: CL: 1.42%, CLH: 0.87%)"
115,50MKC01 (CTG5 SEE),K810290,GSPP2&3,1.43,6.9,0.5,6.9/0.5,Auxiliary,16,85,Healthy,,,A,W,A,W,A,A,A,,,,A,A,,,,,,,,,,,,,,,,,,,,,,,,,,,,2021,-,[Active Part] High Power Factor - recondition or dry out insulation (Mineral Oil < 230 kV: PF 0.7-1.0%)
116,52MKC01 (STG5 SEE),K810291,GSPP2&3,0.85,6.9,0.54,6.9/0.54,Auxiliary,16,80,Healthy,,,A,U,A,A,U,A,A,,,,A,A,,,,,,,,,,,,,,,,,,,,,,,,,,,,2021,-,"[Urgent Action] <strong>Exciting Current</strong>: Investigate turn short / core damage immediately (Measured: H1: 88.1, H2: 207.3, H3: 206.8 mA<br>Pattern: L-H-L)"
117,51PBQ20,xxx,GSPP2&3,,,,/,Auxiliary,-,,,,,,,,,,,,,,,,,,,,,,,,,,,,,,,,,,,,,,,,,,,,,-,"Normal Condition: All diagnostic tests, insulating oil properties, and visual inspections are within acceptable limits. The transformer is in normal operating condition. Perform routine inspection and preventive maintenance."
118,CFB3 Back Up,4202021,GSPP2&3,0.5,6.9,0.4,6.9/0.4,Auxiliary,27,91,Healthy,974,,A,A,A,A,A,A,A,,,,A,A,,,,Q,A,A,A,A,A,A,A,A,A,,Q,A,A,A,,,,,,,,,,2021,-,[Insulation Oil] Add passivator
118,KT51A,6012333,MTP-1,40,115,22,115/22,Distribution,8,83,Healthy,1089,,A,A,A,A,A,A,A,,,,A,A,,,,Q,Q,A,A,A,A,A,A,A,A,,Q,A,A,A,A,,,,,,,,,2026,-,"[Insulation Oil] Gas or Delta exceeds baseline (CO2 level (5173 > T1: 5000)). Resample within 1 month, increase frequency to 1–3 months (Trend analysis).; Add passivator"
118,EKT51A,6110289,MTP-1,0.5,22,0.4,22/0.4,Auxiliary,8,94,Healthy,1066,,A,A,A,A,A,A,A,,,,A,A,,,,A,A,A,A,A,A,A,A,A,A,,A,A,A,A,,,,,,,,,,2026,-,[Active Part] Low Polarization Index (PI = 1.26): Perform insulation drying process and moisture investigation
118,TR141,4011560,MTP-3,1,22,0.4,22/0.4,Auxiliary,29,80,Healthy,1047,,Q,A,A,A,A,A,A,,,,Q,Q,,,,A,A,A,A,A,A,A,A,A,A,,A,A,A,A,,,,,,,,,,2026,-,"[General Part] Plan visual maintenance / Repair defects; Plan visual maintenance & repair defects: Oil leaking at tap changer, Oil leaking at drain valve | [Active Part] Low Polarization Index (PI = 1.28): Perform insulation drying process and moisture investigation | [Bushing] Plan visual maintenance / Repair defects | [Arrester] Plan visual maintenance / Repair defects"
118,1BDT10GT001,190869,RDF,13,22,6.9,22/6.9,GSUT,6,73,Monitor,1152,,,,,,,,,,,,,,,,,Q,Q,A,A,A,A,A,A,A,A,,Q,A,A,A,,,,,,,,,,2026,-,"[Insulation Oil] Elevated cellulose degradation / paper aging detected (CO level (1199 > T2: 1100)). Combustible gases (H2, CH4, C2H6, C2H4, C2H2) are normal. Recommend monitoring CO/CO2 trend, testing Furan/DP, and checking transformer operating temperature.; Add passivator"
118,TR1,61310601,RDF,3,22,0.4,22/0.4,Distribution,8,49,Critical,1152,,,,,,,,,,,,,,,,,U,U,A,A,A,A,A,A,A,A,,Q,A,A,A,,,,,,,,,,2026,-,[Urgent Action] <strong>Dissolve Gas Analysis (DGA)</strong>: Active fault detected (H2 level (216 > T2: 90)). Immediate fault investigation recommended. Perform Fault Identification (Duval/Rogers) & electrical diagnostic tests. (Measured: Critical (IEEE C57.104 Status 3: High Risk / Active Fault)) | [Insulation Oil] Add passivator
118,1BFT11GT001,196057,RDF,3,6.9,0.4,6.9/0.4,Auxiliary,6,73,Monitor,1200,,,,,,,,,,,,,,,,,Q,Q,A,A,A,A,A,A,A,A,,Q,A,A,A,,,,,,,,,,2026,-,"[Insulation Oil] Elevated cellulose degradation / paper aging detected (CO level (617 > T2: 600)). Combustible gases (H2, CH4, C2H6, C2H4, C2H2) are normal. Recommend monitoring CO/CO2 trend, testing Furan/DP, and checking transformer operating temperature.; Add passivator"
118,1BFT12GT001,196058,RDF,3,6.9,0.4,6.9/0.4,Auxiliary,6,73,Monitor,1117,,,,,,,,,,,,,,,,,Q,Q,A,A,A,A,A,A,A,A,,Q,A,A,A,,,,,,,,,,2025,-,"[Insulation Oil] Gas or Delta exceeds baseline (CO level (516 > T1: 500)). Resample within 1 month, increase frequency to 1–3 months (Trend analysis).; Add passivator"
118,SPARE  3 MVA 22/11 kV (Scrap),63310466,Scrap,3,22,11,22/11,,-,,,,,,,,,,,,,,,,,,,,,,,,,,,,,,,,,,,,,,,,,,,,,-,
118,SPARE 0.315 MVA 22/0.4 kV (Scrap),3710737,Scrap,0.315,22,0.4,22/0.4,,31,,,,,,,,,,,,,,,,,,,,,,,,,,,,,,,,,,,,,,,,,,,,,-,
118,SPARE 0.315 MVA 22/0.4 kV (Scrap),3710738,Scrap,0.315,22,0.4,22/0.4,,31,,,,,,,,,,,,,,,,,,,,,,,,,,,,,,,,,,,,,,,,,,,,,-,
118,SPARE 50 MVA 123/11 kV,4710346,SPARE GSPP2&3,50,123,11,123/11,,22,,,,,,,,,,,,,,,,,,,,,,,,,,,,,,,,,,,,,,,,,,,,,-,
118,SPARE 63.5 MVA 123/11 kV,EDP021401,SPARE GSPP2&3,63.5,123,11,123/11,,-,,,,,,,,,,,,,,,,,,,,,,,,,,,,,,,,,,,,,,,,,,,,,-,
